bic_8,bic,bank
ABDIEGCA,ABDIEGCAXXX,ABU DHABI ISLAMIC BANK - EGYPT
ABRKEGC1,ABRKEGC10AL,ALBARAKA BANK EGYPT
ABRKEGC1,ABRKEGC1XXX,ALBARAKA BANK EGYPT
ABRKEGCA,ABRKEGCAABS,ALBARAKA BANK EGYPT
ABRKEGCA,ABRKEGCAAKD,ALBARAKA BANK EGYPT
ABRKEGCA,ABRKEGCAALF,ALBARAKA BANK EGYPT
ABRKEGCA,ABRKEGCAASH,ALBARAKA BANK EGYPT
ABRKEGCA,ABRKEGCAAZA,ALBARAKA BANK EGYPT
ABRKEGCA,ABRKEGCABRG,ALBARAKA BANK EGYPT
ABRKEGCA,ABRKEGCACAI,ALBARAKA BANK EGYPT
ABRKEGCA,ABRKEGCACOR,ALBARAKA BANK EGYPT
ABRKEGCA,ABRKEGCADOK,ALBARAKA BANK EGYPT
ABRKEGCA,ABRKEGCAEZZ,ALBARAKA BANK EGYPT
ABRKEGCA,ABRKEGCAFSB,ALBARAKA BANK EGYPT
ABRKEGCA,ABRKEGCAFSL,ALBARAKA BANK EGYPT
ABRKEGCA,ABRKEGCAHDW,ALBARAKA BANK EGYPT
ABRKEGCA,ABRKEGCAHRM,ALBARAKA BANK EGYPT
ABRKEGCA,ABRKEGCALCG,ALBARAKA BANK EGYPT
ABRKEGCA,ABRKEGCALSK,ALBARAKA BANK EGYPT
ABRKEGCA,ABRKEGCAMAD,ALBARAKA BANK EGYPT
ABRKEGCA,ABRKEGCAMAL,ALBARAKA BANK EGYPT
ABRKEGCA,ABRKEGCAMAN,ALBARAKA BANK EGYPT
ABRKEGCA,ABRKEGCAMDN,ALBARAKA BANK EGYPT
ABRKEGCA,ABRKEGCAMIM,ALBARAKA BANK EGYPT
ABRKEGCA,ABRKEGCAMNL,ALBARAKA BANK EGYPT
ABRKEGCA,ABRKEGCAMOH,ALBARAKA BANK EGYPT
ABRKEGCA,ABRKEGCAMRG,ALBARAKA BANK EGYPT
ABRKEGCA,ABRKEGCANSR,ALBARAKA BANK EGYPT
ABRKEGCA,ABRKEGCAOCT,ALBARAKA BANK EGYPT
ABRKEGCA,ABRKEGCAORA,ALBARAKA BANK EGYPT
ABRKEGCA,ABRKEGCARHB,ALBARAKA BANK EGYPT
ABRKEGCA,ABRKEGCARSH,ALBARAKA BANK EGYPT
ABRKEGCA,ABRKEGCASFM,ALBARAKA BANK EGYPT
ABRKEGCA,ABRKEGCASHB,ALBARAKA BANK EGYPT
ABRKEGCA,ABRKEGCASHM,ALBARAKA BANK EGYPT
ABRKEGCA,ABRKEGCASOM,ALBARAKA BANK EGYPT
ABRKEGCA,ABRKEGCASTN,ALBARAKA BANK EGYPT
ABRKEGCA,ABRKEGCATAN,ALBARAKA BANK EGYPT
ABRKEGCA,ABRKEGCATKY,ALBARAKA BANK EGYPT
ABRKEGCA,ABRKEGCAXXX,ALBARAKA BANK EGYPT
ABRKEGCA,ABRKEGCAZHR,ALBARAKA BANK EGYPT
ABRKEGCA,ABRKEGCAZYD,ALBARAKA BANK EGYPT
ADCBEGCX,ADCBEGCXXXX,ABU DHABI COMMERCIAL BANK - EGYPT ADCB EGYPT
AEDAEGCA,AEDAEGCAXXX,ARAB BANK FOR ECONOMIC DEVELOPMENT IN AFRICA
AFXMEGCA,AFXMEGCAXXX,AFRICAN EXPORT IMPORT BANK
AGRIEGCX,AGRIEGCXXXX,CREDIT AGRICOLE EGYPT
AINBEGCA,AINBEGCATFC,BANK NXT
AINBEGCA,AINBEGCAXXX,BANK NXT
ALEXEGCX,ALEXEGCX001,BANK OF ALEXANDRIA
ALEXEGCX,ALEXEGCX002,BANK OF ALEXANDRIA
ALEXEGCX,ALEXEGCX003,BANK OF ALEXANDRIA
ALEXEGCX,ALEXEGCX004,BANK OF ALEXANDRIA
ALEXEGCX,ALEXEGCX005,BANK OF ALEXANDRIA
ALEXEGCX,ALEXEGCXACC,BANK OF ALEXANDRIA
ALEXEGCX,ALEXEGCXAML,BANK OF ALEXANDRIA
ALEXEGCX,ALEXEGCXFID,BANK OF ALEXANDRIA
ALEXEGCX,ALEXEGCXLGC,BANK OF ALEXANDRIA
ALEXEGCX,ALEXEGCXLOP,BANK OF ALEXANDRIA
ALEXEGCX,ALEXEGCXRMT,BANK OF ALEXANDRIA
ALEXEGCX,ALEXEGCXTFC,BANK OF ALEXANDRIA
ALEXEGCX,ALEXEGCXXXX,BANK OF ALEXANDRIA
ARABEGCX,ARABEGCXALX,ARAB BANK PLC
ARABEGCX,ARABEGCXAMN,ARAB BANK PLC
ARABEGCX,ARABEGCXCAI,ARAB BANK PLC
ARABEGCX,ARABEGCXCOU,ARAB BANK PLC
ARABEGCX,ARABEGCXDKI,ARAB BANK PLC
ARABEGCX,ARABEGCXGMH,ARAB BANK PLC
ARABEGCX,ARABEGCXHEL,ARAB BANK PLC
ARABEGCX,ARABEGCXHGZ,ARAB BANK PLC
ARABEGCX,ARABEGCXHRM,ARAB BANK PLC
ARABEGCX,ARABEGCXMDI,ARAB BANK PLC
ARABEGCX,ARABEGCXMHD,ARAB BANK PLC
ARABEGCX,ARABEGCXMKT,ARAB BANK PLC
ARABEGCX,ARABEGCXNOZ,ARAB BANK PLC
ARABEGCX,ARABEGCXNSA,ARAB BANK PLC
ARABEGCX,ARABEGCXNSR,ARAB BANK PLC
ARABEGCX,ARABEGCXOCT,ARAB BANK PLC
ARABEGCX,ARABEGCXRMD,ARAB BANK PLC
ARABEGCX,ARABEGCXSAW,ARAB BANK PLC
ARABEGCX,ARABEGCXSHO,ARAB BANK PLC
ARABEGCX,ARABEGCXSHR,ARAB BANK PLC
ARABEGCX,ARABEGCXSPR,ARAB BANK PLC
ARABEGCX,ARABEGCXTHR,ARAB BANK PLC
ARABEGCX,ARABEGCXXXX,ARAB BANK PLC
ARABEGCX,ARABEGCXZMK,ARAB BANK PLC
ARAIEGCX,ARAIEGCXALE,ARAB AFRICAN INTERNATIONAL BANK (HEAD OFFICE)
ARAIEGCX,ARAIEGCXALF,ARAB AFRICAN INTERNATIONAL BANK (HEAD OFFICE)
ARAIEGCX,ARAIEGCXALX,ARAB AFRICAN INTERNATIONAL BANK (HEAD OFFICE)
ARAIEGCX,ARAIEGCXASH,ARAB AFRICAN INTERNATIONAL BANK (HEAD OFFICE)
ARAIEGCX,ARAIEGCXBRG,ARAB AFRICAN INTERNATIONAL BANK (HEAD OFFICE)
ARAIEGCX,ARAIEGCXBUD,ARAB AFRICAN INTERNATIONAL BANK (HEAD OFFICE)
ARAIEGCX,ARAIEGCXCAI,ARAB AFRICAN INTERNATIONAL BANK (HEAD OFFICE)
ARAIEGCX,ARAIEGCXCOL,ARAB AFRICAN INTERNATIONAL BANK (HEAD OFFICE)
ARAIEGCX,ARAIEGCXDOC,ARAB AFRICAN INTERNATIONAL BANK (HEAD OFFICE)
ARAIEGCX,ARAIEGCXDOK,ARAB AFRICAN INTERNATIONAL BANK (HEAD OFFICE)
ARAIEGCX,ARAIEGCXGLF,ARAB AFRICAN INTERNATIONAL BANK (HEAD OFFICE)
ARAIEGCX,ARAIEGCXGRD,ARAB AFRICAN INTERNATIONAL BANK (HEAD OFFICE)
ARAIEGCX,ARAIEGCXHEL,ARAB AFRICAN INTERNATIONAL BANK (HEAD OFFICE)
ARAIEGCX,ARAIEGCXHLP,ARAB AFRICAN INTERNATIONAL BANK (HEAD OFFICE)
ARAIEGCX,ARAIEGCXMAA,ARAB AFRICAN INTERNATIONAL BANK (HEAD OFFICE)
ARAIEGCX,ARAIEGCXMOH,ARAB AFRICAN INTERNATIONAL BANK (HEAD OFFICE)
ARAIEGCX,ARAIEGCXMRG,ARAB AFRICAN INTERNATIONAL BANK (HEAD OFFICE)
ARAIEGCX,ARAIEGCXOCT,ARAB AFRICAN INTERNATIONAL BANK (HEAD OFFICE)
ARAIEGCX,ARAIEGCXOPR,ARAB AFRICAN INTERNATIONAL BANK (HEAD OFFICE)
ARAIEGCX,ARAIEGCXSEC,ARAB AFRICAN INTERNATIONAL BANK (HEAD OFFICE)
ARAIEGCX,ARAIEGCXTNT,ARAB AFRICAN INTERNATIONAL BANK (HEAD OFFICE)
ARAIEGCX,ARAIEGCXTRF,ARAB AFRICAN INTERNATIONAL BANK (HEAD OFFICE)
ARAIEGCX,ARAIEGCXTWN,ARAB AFRICAN INTERNATIONAL BANK (HEAD OFFICE)
ARAIEGCX,ARAIEGCXWUN,ARAB AFRICAN INTERNATIONAL BANK (HEAD OFFICE)
ARAIEGCX,ARAIEGCXXXX,ARAB AFRICAN INTERNATIONAL BANK (HEAD OFFICE)
ARIBEGCX,ARIBEGCX001,ARAB INTERNATIONAL BANK
ARIBEGCX,ARIBEGCX002,ARAB INTERNATIONAL BANK
ARIBEGCX,ARIBEGCX003,ARAB INTERNATIONAL BANK
ARIBEGCX,ARIBEGCX004,ARAB INTERNATIONAL BANK
ARIBEGCX,ARIBEGCX005,ARAB INTERNATIONAL BANK
ARIBEGCX,ARIBEGCX006,ARAB INTERNATIONAL BANK
ARIBEGCX,ARIBEGCX007,ARAB INTERNATIONAL BANK
ARIBEGCX,ARIBEGCX008,ARAB INTERNATIONAL BANK
ARIBEGCX,ARIBEGCX009,ARAB INTERNATIONAL BANK
ARIBEGCX,ARIBEGCX010,ARAB INTERNATIONAL BANK
ARIBEGCX,ARIBEGCX011,ARAB INTERNATIONAL BANK
ARIBEGCX,ARIBEGCX012,ARAB INTERNATIONAL BANK
ARIBEGCX,ARIBEGCX013,ARAB INTERNATIONAL BANK
ARIBEGCX,ARIBEGCX014,ARAB INTERNATIONAL BANK
ARIBEGCX,ARIBEGCX015,ARAB INTERNATIONAL BANK
ARIBEGCX,ARIBEGCX016,ARAB INTERNATIONAL BANK
ARIBEGCX,ARIBEGCX017,ARAB INTERNATIONAL BANK
ARIBEGCX,ARIBEGCX018,ARAB INTERNATIONAL BANK
ARIBEGCX,ARIBEGCX019,ARAB INTERNATIONAL BANK
ARIBEGCX,ARIBEGCX020,ARAB INTERNATIONAL BANK
ARIBEGCX,ARIBEGCX021,ARAB INTERNATIONAL BANK
ARIBEGCX,ARIBEGCX022,ARAB INTERNATIONAL BANK
ARIBEGCX,ARIBEGCX023,ARAB INTERNATIONAL BANK
ARIBEGCX,ARIBEGCX024,ARAB INTERNATIONAL BANK
ARIBEGCX,ARIBEGCX025,ARAB INTERNATIONAL BANK
ARIBEGCX,ARIBEGCXLBR,ARAB INTERNATIONAL BANK
ARIBEGCX,ARIBEGCXMOP,ARAB INTERNATIONAL BANK
ARIBEGCX,ARIBEGCXXXX,ARAB INTERNATIONAL BANK
ARLBEGC1,ARLBEGC1MTG,EGYPTIAN ARAB LAND BANK
ARLBEGC1,ARLBEGC1SHB,EGYPTIAN ARAB LAND BANK
ARLBEGC1,ARLBEGC1TN2,EGYPTIAN ARAB LAND BANK
ARLBEGCA,ARLBEGCAALX,EGYPTIAN ARAB LAND BANK
ARLBEGCA,ARLBEGCAARI,EGYPTIAN ARAB LAND BANK
ARLBEGCA,ARLBEGCAASW,EGYPTIAN ARAB LAND BANK
ARLBEGCA,ARLBEGCACAI,EGYPTIAN ARAB LAND BANK
ARLBEGCA,ARLBEGCADIM,EGYPTIAN ARAB LAND BANK
ARLBEGCA,ARLBEGCADOK,EGYPTIAN ARAB LAND BANK
ARLBEGCA,ARLBEGCAHIL,EGYPTIAN ARAB LAND BANK
ARLBEGCA,ARLBEGCAHOL,EGYPTIAN ARAB LAND BANK
ARLBEGCA,ARLBEGCAHRG,EGYPTIAN ARAB LAND BANK
ARLBEGCA,ARLBEGCAISM,EGYPTIAN ARAB LAND BANK
ARLBEGCA,ARLBEGCAKNA,EGYPTIAN ARAB LAND BANK
ARLBEGCA,ARLBEGCALUX,EGYPTIAN ARAB LAND BANK
ARLBEGCA,ARLBEGCAMAN,EGYPTIAN ARAB LAND BANK
ARLBEGCA,ARLBEGCAMAQ,EGYPTIAN ARAB LAND BANK
ARLBEGCA,ARLBEGCAMAT,EGYPTIAN ARAB LAND BANK
ARLBEGCA,ARLBEGCAMDZ,EGYPTIAN ARAB LAND BANK
ARLBEGCA,ARLBEGCAMIN,EGYPTIAN ARAB LAND BANK
ARLBEGCA,ARLBEGCAMOF,EGYPTIAN ARAB LAND BANK
ARLBEGCA,ARLBEGCAMOH,EGYPTIAN ARAB LAND BANK
ARLBEGCA,ARLBEGCANSR,EGYPTIAN ARAB LAND BANK
ARLBEGCA,ARLBEGCAOCT,EGYPTIAN ARAB LAND BANK
ARLBEGCA,ARLBEGCAPOR,EGYPTIAN ARAB LAND BANK
ARLBEGCA,ARLBEGCASHG,EGYPTIAN ARAB LAND BANK
ARLBEGCA,ARLBEGCASHR,EGYPTIAN ARAB LAND BANK
ARLBEGCA,ARLBEGCASUZ,EGYPTIAN ARAB LAND BANK
ARLBEGCA,ARLBEGCATLH,EGYPTIAN ARAB LAND BANK
ARLBEGCA,ARLBEGCATNT,EGYPTIAN ARAB LAND BANK
ARLBEGCA,ARLBEGCAXXX,EGYPTIAN ARAB LAND BANK
ARLBEGCA,ARLBEGCAZAG,EGYPTIAN ARAB LAND BANK
ARQAEGCA,ARQAEGCAXXX,"ARQAAM SECURITIES BROKERAGE, S.A.E. EGYPT"
BCAIEGCX,BCAIEGCX008,BANQUE DU CAIRE
BCAIEGCX,BCAIEGCX011,BANQUE DU CAIRE
BCAIEGCX,BCAIEGCX013,BANQUE DU CAIRE
BCAIEGCX,BCAIEGCX020,BANQUE DU CAIRE
BCAIEGCX,BCAIEGCX030,BANQUE DU CAIRE
BCAIEGCX,BCAIEGCX033,BANQUE DU CAIRE
BCAIEGCX,BCAIEGCX034,BANQUE DU CAIRE
BCAIEGCX,BCAIEGCX035,BANQUE DU CAIRE
BCAIEGCX,BCAIEGCX040,BANQUE DU CAIRE
BCAIEGCX,BCAIEGCX045,BANQUE DU CAIRE
BCAIEGCX,BCAIEGCX055,BANQUE DU CAIRE
BCAIEGCX,BCAIEGCX060,BANQUE DU CAIRE
BCAIEGCX,BCAIEGCX070,BANQUE DU CAIRE
BCAIEGCX,BCAIEGCX072,BANQUE DU CAIRE
BCAIEGCX,BCAIEGCX073,BANQUE DU CAIRE
BCAIEGCX,BCAIEGCX080,BANQUE DU CAIRE
BCAIEGCX,BCAIEGCX085,BANQUE DU CAIRE
BCAIEGCX,BCAIEGCX090,BANQUE DU CAIRE
BCAIEGCX,BCAIEGCX095,BANQUE DU CAIRE
BCAIEGCX,BCAIEGCX100,BANQUE DU CAIRE
BCAIEGCX,BCAIEGCX101,BANQUE DU CAIRE
BCAIEGCX,BCAIEGCX110,BANQUE DU CAIRE
BCAIEGCX,BCAIEGCX111,BANQUE DU CAIRE
BCAIEGCX,BCAIEGCX112,BANQUE DU CAIRE
BCAIEGCX,BCAIEGCX120,BANQUE DU CAIRE
BCAIEGCX,BCAIEGCX130,BANQUE DU CAIRE
BCAIEGCX,BCAIEGCX140,BANQUE DU CAIRE
BCAIEGCX,BCAIEGCX150,BANQUE DU CAIRE
BCAIEGCX,BCAIEGCX151,BANQUE DU CAIRE
BCAIEGCX,BCAIEGCX160,BANQUE DU CAIRE
BCAIEGCX,BCAIEGCX170,BANQUE DU CAIRE
BCAIEGCX,BCAIEGCX180,BANQUE DU CAIRE
BCAIEGCX,BCAIEGCX190,BANQUE DU CAIRE
BCAIEGCX,BCAIEGCX195,BANQUE DU CAIRE
BCAIEGCX,BCAIEGCX200,BANQUE DU CAIRE
BCAIEGCX,BCAIEGCX201,BANQUE DU CAIRE
BCAIEGCX,BCAIEGCX210,BANQUE DU CAIRE
BCAIEGCX,BCAIEGCX220,BANQUE DU CAIRE
BCAIEGCX,BCAIEGCX230,BANQUE DU CAIRE
BCAIEGCX,BCAIEGCX231,BANQUE DU CAIRE
BCAIEGCX,BCAIEGCX250,BANQUE DU CAIRE
BCAIEGCX,BCAIEGCX255,BANQUE DU CAIRE
BCAIEGCX,BCAIEGCX260,BANQUE DU CAIRE
BCAIEGCX,BCAIEGCX270,BANQUE DU CAIRE
BCAIEGCX,BCAIEGCX280,BANQUE DU CAIRE
BCAIEGCX,BCAIEGCX285,BANQUE DU CAIRE
BCAIEGCX,BCAIEGCX290,BANQUE DU CAIRE
BCAIEGCX,BCAIEGCX300,BANQUE DU CAIRE
BCAIEGCX,BCAIEGCX310,BANQUE DU CAIRE
BCAIEGCX,BCAIEGCX320,BANQUE DU CAIRE
BCAIEGCX,BCAIEGCX330,BANQUE DU CAIRE
BCAIEGCX,BCAIEGCX340,BANQUE DU CAIRE
BCAIEGCX,BCAIEGCX350,BANQUE DU CAIRE
BCAIEGCX,BCAIEGCX360,BANQUE DU CAIRE
BCAIEGCX,BCAIEGCX400,BANQUE DU CAIRE
BCAIEGCX,BCAIEGCX401,BANQUE DU CAIRE
BCAIEGCX,BCAIEGCX402,BANQUE DU CAIRE
BCAIEGCX,BCAIEGCX410,BANQUE DU CAIRE
BCAIEGCX,BCAIEGCX411,BANQUE DU CAIRE
BCAIEGCX,BCAIEGCX412,BANQUE DU CAIRE
BCAIEGCX,BCAIEGCX413,BANQUE DU CAIRE
BCAIEGCX,BCAIEGCX414,BANQUE DU CAIRE
BCAIEGCX,BCAIEGCX415,BANQUE DU CAIRE
BCAIEGCX,BCAIEGCX420,BANQUE DU CAIRE
BCAIEGCX,BCAIEGCX421,BANQUE DU CAIRE
BCAIEGCX,BCAIEGCX422,BANQUE DU CAIRE
BCAIEGCX,BCAIEGCX423,BANQUE DU CAIRE
BCAIEGCX,BCAIEGCX424,BANQUE DU CAIRE
BCAIEGCX,BCAIEGCX430,BANQUE DU CAIRE
BCAIEGCX,BCAIEGCX440,BANQUE DU CAIRE
BCAIEGCX,BCAIEGCX445,BANQUE DU CAIRE
BCAIEGCX,BCAIEGCX450,BANQUE DU CAIRE
BCAIEGCX,BCAIEGCX451,BANQUE DU CAIRE
BCAIEGCX,BCAIEGCX452,BANQUE DU CAIRE
BCAIEGCX,BCAIEGCX460,BANQUE DU CAIRE
BCAIEGCX,BCAIEGCX470,BANQUE DU CAIRE
BCAIEGCX,BCAIEGCX471,BANQUE DU CAIRE
BCAIEGCX,BCAIEGCX472,BANQUE DU CAIRE
BCAIEGCX,BCAIEGCX480,BANQUE DU CAIRE
BCAIEGCX,BCAIEGCX481,BANQUE DU CAIRE
BCAIEGCX,BCAIEGCX483,BANQUE DU CAIRE
BCAIEGCX,BCAIEGCX490,BANQUE DU CAIRE
BCAIEGCX,BCAIEGCX491,BANQUE DU CAIRE
BCAIEGCX,BCAIEGCX492,BANQUE DU CAIRE
BCAIEGCX,BCAIEGCX500,BANQUE DU CAIRE
BCAIEGCX,BCAIEGCX510,BANQUE DU CAIRE
BCAIEGCX,BCAIEGCX520,BANQUE DU CAIRE
BCAIEGCX,BCAIEGCX530,BANQUE DU CAIRE
BCAIEGCX,BCAIEGCX540,BANQUE DU CAIRE
BCAIEGCX,BCAIEGCX550,BANQUE DU CAIRE
BCAIEGCX,BCAIEGCX560,BANQUE DU CAIRE
BCAIEGCX,BCAIEGCX570,BANQUE DU CAIRE
BCAIEGCX,BCAIEGCX585,BANQUE DU CAIRE
BCAIEGCX,BCAIEGCX590,BANQUE DU CAIRE
BCAIEGCX,BCAIEGCX591,BANQUE DU CAIRE
BCAIEGCX,BCAIEGCX592,BANQUE DU CAIRE
BCAIEGCX,BCAIEGCX593,BANQUE DU CAIRE
BCAIEGCX,BCAIEGCX594,BANQUE DU CAIRE
BCAIEGCX,BCAIEGCX600,BANQUE DU CAIRE
BCAIEGCX,BCAIEGCX602,BANQUE DU CAIRE
BCAIEGCX,BCAIEGCX605,BANQUE DU CAIRE
BCAIEGCX,BCAIEGCX606,BANQUE DU CAIRE
BCAIEGCX,BCAIEGCX607,BANQUE DU CAIRE
BCAIEGCX,BCAIEGCX608,BANQUE DU CAIRE
BCAIEGCX,BCAIEGCX610,BANQUE DU CAIRE
BCAIEGCX,BCAIEGCX611,BANQUE DU CAIRE
BCAIEGCX,BCAIEGCX612,BANQUE DU CAIRE
BCAIEGCX,BCAIEGCX620,BANQUE DU CAIRE
BCAIEGCX,BCAIEGCX621,BANQUE DU CAIRE
BCAIEGCX,BCAIEGCX630,BANQUE DU CAIRE
BCAIEGCX,BCAIEGCX635,BANQUE DU CAIRE
BCAIEGCX,BCAIEGCX640,BANQUE DU CAIRE
BCAIEGCX,BCAIEGCX641,BANQUE DU CAIRE
BCAIEGCX,BCAIEGCX650,BANQUE DU CAIRE
BCAIEGCX,BCAIEGCX660,BANQUE DU CAIRE
BCAIEGCX,BCAIEGCX670,BANQUE DU CAIRE
BCAIEGCX,BCAIEGCX672,BANQUE DU CAIRE
BCAIEGCX,BCAIEGCX680,BANQUE DU CAIRE
BCAIEGCX,BCAIEGCX690,BANQUE DU CAIRE
BCAIEGCX,BCAIEGCX700,BANQUE DU CAIRE
BCAIEGCX,BCAIEGCX710,BANQUE DU CAIRE
BCAIEGCX,BCAIEGCX720,BANQUE DU CAIRE
BCAIEGCX,BCAIEGCX730,BANQUE DU CAIRE
BCAIEGCX,BCAIEGCX740,BANQUE DU CAIRE
BCAIEGCX,BCAIEGCX750,BANQUE DU CAIRE
BCAIEGCX,BCAIEGCX760,BANQUE DU CAIRE
BCAIEGCX,BCAIEGCXXXX,BANQUE DU CAIRE
BCBIEGCX,BCBIEGCX003,ATTIJARIWAFA BANK EGYPT S.A.E
BCBIEGCX,BCBIEGCX004,ATTIJARIWAFA BANK EGYPT S.A.E
BCBIEGCX,BCBIEGCX005,ATTIJARIWAFA BANK EGYPT S.A.E
BCBIEGCX,BCBIEGCXXXX,ATTIJARIWAFA BANK EGYPT S.A.E
BDACEGCA,BDACEGCA001,AGRICULTURAL BANK OF EGYPT (A.B.E)
BDACEGCA,BDACEGCA002,AGRICULTURAL BANK OF EGYPT (A.B.E)
BDACEGCA,BDACEGCA003,AGRICULTURAL BANK OF EGYPT (A.B.E)
BDACEGCA,BDACEGCA013,AGRICULTURAL BANK OF EGYPT (A.B.E)
BDACEGCA,BDACEGCA040,AGRICULTURAL BANK OF EGYPT (A.B.E)
BDACEGCA,BDACEGCA045,AGRICULTURAL BANK OF EGYPT (A.B.E)
BDACEGCA,BDACEGCA047,AGRICULTURAL BANK OF EGYPT (A.B.E)
BDACEGCA,BDACEGCA048,AGRICULTURAL BANK OF EGYPT (A.B.E)
BDACEGCA,BDACEGCA050,AGRICULTURAL BANK OF EGYPT (A.B.E)
BDACEGCA,BDACEGCA055,AGRICULTURAL BANK OF EGYPT (A.B.E)
BDACEGCA,BDACEGCA057,AGRICULTURAL BANK OF EGYPT (A.B.E)
BDACEGCA,BDACEGCA064,AGRICULTURAL BANK OF EGYPT (A.B.E)
BDACEGCA,BDACEGCA082,AGRICULTURAL BANK OF EGYPT (A.B.E)
BDACEGCA,BDACEGCA084,AGRICULTURAL BANK OF EGYPT (A.B.E)
BDACEGCA,BDACEGCA086,AGRICULTURAL BANK OF EGYPT (A.B.E)
BDACEGCA,BDACEGCA088,AGRICULTURAL BANK OF EGYPT (A.B.E)
BDACEGCA,BDACEGCA093,AGRICULTURAL BANK OF EGYPT (A.B.E)
BDACEGCA,BDACEGCA096,AGRICULTURAL BANK OF EGYPT (A.B.E)
BDACEGCA,BDACEGCA097,AGRICULTURAL BANK OF EGYPT (A.B.E)
BDACEGCA,BDACEGCAXXX,AGRICULTURAL BANK OF EGYPT (A.B.E)
BELTEGCA,BELTEGCABAM,BELTONE SECURITIES BROKERAGE S.A.E
BELTEGCA,BELTEGCAXXX,BELTONE SECURITIES BROKERAGE S.A.E
BMISEGCX,BMISEGCXCOL,BANQUE MISR
BMISEGCX,BMISEGCXFCC,BANQUE MISR
BMISEGCX,BMISEGCXREC,BANQUE MISR
BMISEGCX,BMISEGCXTBO,BANQUE MISR
BMISEGCX,BMISEGCXTFC,BANQUE MISR
BMISEGCX,BMISEGCXTRF,BANQUE MISR
BMISEGCX,BMISEGCXXXX,BANQUE MISR
CBEGEGCA,CBEGEGCAALX,CENTRAL BANK OF EGYPT CAIRO
CBEGEGCA,CBEGEGCAASA,CENTRAL BANK OF EGYPT CAIRO
CBEGEGCA,CBEGEGCABES,CENTRAL BANK OF EGYPT CAIRO
CBEGEGCA,CBEGEGCACCP,CENTRAL BANK OF EGYPT CAIRO
CBEGEGCA,CBEGEGCAPRT,CENTRAL BANK OF EGYPT CAIRO
CBEGEGCA,CBEGEGCAXXX,CENTRAL BANK OF EGYPT CAIRO
CBEGEGCB,CBEGEGCBXXX,CENTRAL BANK OF EGYPT CAIRO
CBEGEGCX,CBEGEGCX001,CENTRAL BANK OF EGYPT CAIRO
CBEGEGCX,CBEGEGCX002,CENTRAL BANK OF EGYPT CAIRO
CBEGEGCX,CBEGEGCXALX,CENTRAL BANK OF EGYPT CAIRO
CBEGEGCX,CBEGEGCXASA,CENTRAL BANK OF EGYPT CAIRO
CBEGEGCX,CBEGEGCXBES,CENTRAL BANK OF EGYPT CAIRO
CBEGEGCX,CBEGEGCXBKO,CENTRAL BANK OF EGYPT CAIRO
CBEGEGCX,CBEGEGCXCCP,CENTRAL BANK OF EGYPT CAIRO
CBEGEGCX,CBEGEGCXCMS,CENTRAL BANK OF EGYPT CAIRO
CBEGEGCX,CBEGEGCXCSD,CENTRAL BANK OF EGYPT CAIRO
CBEGEGCX,CBEGEGCXPOS,CENTRAL BANK OF EGYPT CAIRO
CBEGEGCX,CBEGEGCXSMK,CENTRAL BANK OF EGYPT CAIRO
CBEGEGCX,CBEGEGCXXXX,CENTRAL BANK OF EGYPT CAIRO
CFOEEGC1,CFOEEGC1XXX,CREDIT FONCIER EGYPTIEN
CHASEGC1,CHASEGC1XXX,JP MORGAN CHASE BANK N.A.
CIBEEGCX,CIBEEGCX001,"COMMERCIAL INTERNATIONAL BANK, SAE"
CIBEEGCX,CIBEEGCX002,"COMMERCIAL INTERNATIONAL BANK, SAE"
CIBEEGCX,CIBEEGCX003,"COMMERCIAL INTERNATIONAL BANK, SAE"
CIBEEGCX,CIBEEGCX004,"COMMERCIAL INTERNATIONAL BANK, SAE"
CIBEEGCX,CIBEEGCX005,"COMMERCIAL INTERNATIONAL BANK, SAE"
CIBEEGCX,CIBEEGCX006,"COMMERCIAL INTERNATIONAL BANK, SAE"
CIBEEGCX,CIBEEGCX007,"COMMERCIAL INTERNATIONAL BANK, SAE"
CIBEEGCX,CIBEEGCX008,"COMMERCIAL INTERNATIONAL BANK, SAE"
CIBEEGCX,CIBEEGCX009,"COMMERCIAL INTERNATIONAL BANK, SAE"
CIBEEGCX,CIBEEGCX010,"COMMERCIAL INTERNATIONAL BANK, SAE"
CIBEEGCX,CIBEEGCX011,"COMMERCIAL INTERNATIONAL BANK, SAE"
CIBEEGCX,CIBEEGCX012,"COMMERCIAL INTERNATIONAL BANK, SAE"
CIBEEGCX,CIBEEGCX013,"COMMERCIAL INTERNATIONAL BANK, SAE"
CIBEEGCX,CIBEEGCX014,"COMMERCIAL INTERNATIONAL BANK, SAE"
CIBEEGCX,CIBEEGCX015,"COMMERCIAL INTERNATIONAL BANK, SAE"
CIBEEGCX,CIBEEGCX016,"COMMERCIAL INTERNATIONAL BANK, SAE"
CIBEEGCX,CIBEEGCX017,"COMMERCIAL INTERNATIONAL BANK, SAE"
CIBEEGCX,CIBEEGCX018,"COMMERCIAL INTERNATIONAL BANK, SAE"
CIBEEGCX,CIBEEGCX019,"COMMERCIAL INTERNATIONAL BANK, SAE"
CIBEEGCX,CIBEEGCX020,"COMMERCIAL INTERNATIONAL BANK, SAE"
CIBEEGCX,CIBEEGCX021,"COMMERCIAL INTERNATIONAL BANK, SAE"
CIBEEGCX,CIBEEGCX022,"COMMERCIAL INTERNATIONAL BANK, SAE"
CIBEEGCX,CIBEEGCX023,"COMMERCIAL INTERNATIONAL BANK, SAE"
CIBEEGCX,CIBEEGCX024,"COMMERCIAL INTERNATIONAL BANK, SAE"
CIBEEGCX,CIBEEGCX025,"COMMERCIAL INTERNATIONAL BANK, SAE"
CIBEEGCX,CIBEEGCX026,"COMMERCIAL INTERNATIONAL BANK, SAE"
CIBEEGCX,CIBEEGCX027,"COMMERCIAL INTERNATIONAL BANK, SAE"
CIBEEGCX,CIBEEGCX028,"COMMERCIAL INTERNATIONAL BANK, SAE"
CIBEEGCX,CIBEEGCX029,"COMMERCIAL INTERNATIONAL BANK, SAE"
CIBEEGCX,CIBEEGCX030,"COMMERCIAL INTERNATIONAL BANK, SAE"
CIBEEGCX,CIBEEGCX031,"COMMERCIAL INTERNATIONAL BANK, SAE"
CIBEEGCX,CIBEEGCX032,"COMMERCIAL INTERNATIONAL BANK, SAE"
CIBEEGCX,CIBEEGCX033,"COMMERCIAL INTERNATIONAL BANK, SAE"
CIBEEGCX,CIBEEGCX034,"COMMERCIAL INTERNATIONAL BANK, SAE"
CIBEEGCX,CIBEEGCX035,"COMMERCIAL INTERNATIONAL BANK, SAE"
CIBEEGCX,CIBEEGCX036,"COMMERCIAL INTERNATIONAL BANK, SAE"
CIBEEGCX,CIBEEGCX037,"COMMERCIAL INTERNATIONAL BANK, SAE"
CIBEEGCX,CIBEEGCX038,"COMMERCIAL INTERNATIONAL BANK, SAE"
CIBEEGCX,CIBEEGCX039,"COMMERCIAL INTERNATIONAL BANK, SAE"
CIBEEGCX,CIBEEGCX040,"COMMERCIAL INTERNATIONAL BANK, SAE"
CIBEEGCX,CIBEEGCX041,"COMMERCIAL INTERNATIONAL BANK, SAE"
CIBEEGCX,CIBEEGCX042,"COMMERCIAL INTERNATIONAL BANK, SAE"
CIBEEGCX,CIBEEGCX043,"COMMERCIAL INTERNATIONAL BANK, SAE"
CIBEEGCX,CIBEEGCX044,"COMMERCIAL INTERNATIONAL BANK, SAE"
CIBEEGCX,CIBEEGCX045,"COMMERCIAL INTERNATIONAL BANK, SAE"
CIBEEGCX,CIBEEGCX046,"COMMERCIAL INTERNATIONAL BANK, SAE"
CIBEEGCX,CIBEEGCX047,"COMMERCIAL INTERNATIONAL BANK, SAE"
CIBEEGCX,CIBEEGCX048,"COMMERCIAL INTERNATIONAL BANK, SAE"
CIBEEGCX,CIBEEGCX049,"COMMERCIAL INTERNATIONAL BANK, SAE"
CIBEEGCX,CIBEEGCX050,"COMMERCIAL INTERNATIONAL BANK, SAE"
CIBEEGCX,CIBEEGCX051,"COMMERCIAL INTERNATIONAL BANK, SAE"
CIBEEGCX,CIBEEGCX052,"COMMERCIAL INTERNATIONAL BANK, SAE"
CIBEEGCX,CIBEEGCX053,"COMMERCIAL INTERNATIONAL BANK, SAE"
CIBEEGCX,CIBEEGCX054,"COMMERCIAL INTERNATIONAL BANK, SAE"
CIBEEGCX,CIBEEGCX055,"COMMERCIAL INTERNATIONAL BANK, SAE"
CIBEEGCX,CIBEEGCX056,"COMMERCIAL INTERNATIONAL BANK, SAE"
CIBEEGCX,CIBEEGCX057,"COMMERCIAL INTERNATIONAL BANK, SAE"
CIBEEGCX,CIBEEGCX058,"COMMERCIAL INTERNATIONAL BANK, SAE"
CIBEEGCX,CIBEEGCX059,"COMMERCIAL INTERNATIONAL BANK, SAE"
CIBEEGCX,CIBEEGCX060,"COMMERCIAL INTERNATIONAL BANK, SAE"
CIBEEGCX,CIBEEGCX061,"COMMERCIAL INTERNATIONAL BANK, SAE"
CIBEEGCX,CIBEEGCX062,"COMMERCIAL INTERNATIONAL BANK, SAE"
CIBEEGCX,CIBEEGCX063,"COMMERCIAL INTERNATIONAL BANK, SAE"
CIBEEGCX,CIBEEGCX064,"COMMERCIAL INTERNATIONAL BANK, SAE"
CIBEEGCX,CIBEEGCX067,"COMMERCIAL INTERNATIONAL BANK, SAE"
CIBEEGCX,CIBEEGCX068,"COMMERCIAL INTERNATIONAL BANK, SAE"
CIBEEGCX,CIBEEGCX069,"COMMERCIAL INTERNATIONAL BANK, SAE"
CIBEEGCX,CIBEEGCX071,"COMMERCIAL INTERNATIONAL BANK, SAE"
CIBEEGCX,CIBEEGCX072,"COMMERCIAL INTERNATIONAL BANK, SAE"
CIBEEGCX,CIBEEGCX073,"COMMERCIAL INTERNATIONAL BANK, SAE"
CIBEEGCX,CIBEEGCX074,"COMMERCIAL INTERNATIONAL BANK, SAE"
CIBEEGCX,CIBEEGCX075,"COMMERCIAL INTERNATIONAL BANK, SAE"
CIBEEGCX,CIBEEGCX076,"COMMERCIAL INTERNATIONAL BANK, SAE"
CIBEEGCX,CIBEEGCX077,"COMMERCIAL INTERNATIONAL BANK, SAE"
CIBEEGCX,CIBEEGCX078,"COMMERCIAL INTERNATIONAL BANK, SAE"
CIBEEGCX,CIBEEGCX079,"COMMERCIAL INTERNATIONAL BANK, SAE"
CIBEEGCX,CIBEEGCX080,"COMMERCIAL INTERNATIONAL BANK, SAE"
CIBEEGCX,CIBEEGCX081,"COMMERCIAL INTERNATIONAL BANK, SAE"
CIBEEGCX,CIBEEGCX082,"COMMERCIAL INTERNATIONAL BANK, SAE"
CIBEEGCX,CIBEEGCX083,"COMMERCIAL INTERNATIONAL BANK, SAE"
CIBEEGCX,CIBEEGCX085,"COMMERCIAL INTERNATIONAL BANK, SAE"
CIBEEGCX,CIBEEGCX086,"COMMERCIAL INTERNATIONAL BANK, SAE"
CIBEEGCX,CIBEEGCX087,"COMMERCIAL INTERNATIONAL BANK, SAE"
CIBEEGCX,CIBEEGCX088,"COMMERCIAL INTERNATIONAL BANK, SAE"
CIBEEGCX,CIBEEGCX089,"COMMERCIAL INTERNATIONAL BANK, SAE"
CIBEEGCX,CIBEEGCX091,"COMMERCIAL INTERNATIONAL BANK, SAE"
CIBEEGCX,CIBEEGCX092,"COMMERCIAL INTERNATIONAL BANK, SAE"
CIBEEGCX,CIBEEGCX094,"COMMERCIAL INTERNATIONAL BANK, SAE"
CIBEEGCX,CIBEEGCX095,"COMMERCIAL INTERNATIONAL BANK, SAE"
CIBEEGCX,CIBEEGCX096,"COMMERCIAL INTERNATIONAL BANK, SAE"
CIBEEGCX,CIBEEGCX097,"COMMERCIAL INTERNATIONAL BANK, SAE"
CIBEEGCX,CIBEEGCX102,"COMMERCIAL INTERNATIONAL BANK, SAE"
CIBEEGCX,CIBEEGCX103,"COMMERCIAL INTERNATIONAL BANK, SAE"
CIBEEGCX,CIBEEGCX104,"COMMERCIAL INTERNATIONAL BANK, SAE"
CIBEEGCX,CIBEEGCX105,"COMMERCIAL INTERNATIONAL BANK, SAE"
CIBEEGCX,CIBEEGCX107,"COMMERCIAL INTERNATIONAL BANK, SAE"
CIBEEGCX,CIBEEGCX108,"COMMERCIAL INTERNATIONAL BANK, SAE"
CIBEEGCX,CIBEEGCX109,"COMMERCIAL INTERNATIONAL BANK, SAE"
CIBEEGCX,CIBEEGCX110,"COMMERCIAL INTERNATIONAL BANK, SAE"
CIBEEGCX,CIBEEGCX111,"COMMERCIAL INTERNATIONAL BANK, SAE"
CIBEEGCX,CIBEEGCX112,"COMMERCIAL INTERNATIONAL BANK, SAE"
CIBEEGCX,CIBEEGCX113,"COMMERCIAL INTERNATIONAL BANK, SAE"
CIBEEGCX,CIBEEGCX114,"COMMERCIAL INTERNATIONAL BANK, SAE"
CIBEEGCX,CIBEEGCX115,"COMMERCIAL INTERNATIONAL BANK, SAE"
CIBEEGCX,CIBEEGCX116,"COMMERCIAL INTERNATIONAL BANK, SAE"
CIBEEGCX,CIBEEGCX118,"COMMERCIAL INTERNATIONAL BANK, SAE"
CIBEEGCX,CIBEEGCX119,"COMMERCIAL INTERNATIONAL BANK, SAE"
CIBEEGCX,CIBEEGCX120,"COMMERCIAL INTERNATIONAL BANK, SAE"
CIBEEGCX,CIBEEGCX121,"COMMERCIAL INTERNATIONAL BANK, SAE"
CIBEEGCX,CIBEEGCX122,"COMMERCIAL INTERNATIONAL BANK, SAE"
CIBEEGCX,CIBEEGCX123,"COMMERCIAL INTERNATIONAL BANK, SAE"
CIBEEGCX,CIBEEGCX124,"COMMERCIAL INTERNATIONAL BANK, SAE"
CIBEEGCX,CIBEEGCX125,"COMMERCIAL INTERNATIONAL BANK, SAE"
CIBEEGCX,CIBEEGCX126,"COMMERCIAL INTERNATIONAL BANK, SAE"
CIBEEGCX,CIBEEGCX127,"COMMERCIAL INTERNATIONAL BANK, SAE"
CIBEEGCX,CIBEEGCX128,"COMMERCIAL INTERNATIONAL BANK, SAE"
CIBEEGCX,CIBEEGCX129,"COMMERCIAL INTERNATIONAL BANK, SAE"
CIBEEGCX,CIBEEGCX130,"COMMERCIAL INTERNATIONAL BANK, SAE"
CIBEEGCX,CIBEEGCX131,"COMMERCIAL INTERNATIONAL BANK, SAE"
CIBEEGCX,CIBEEGCX132,"COMMERCIAL INTERNATIONAL BANK, SAE"
CIBEEGCX,CIBEEGCX133,"COMMERCIAL INTERNATIONAL BANK, SAE"
CIBEEGCX,CIBEEGCX134,"COMMERCIAL INTERNATIONAL BANK, SAE"
CIBEEGCX,CIBEEGCX135,"COMMERCIAL INTERNATIONAL BANK, SAE"
CIBEEGCX,CIBEEGCX136,"COMMERCIAL INTERNATIONAL BANK, SAE"
CIBEEGCX,CIBEEGCX137,"COMMERCIAL INTERNATIONAL BANK, SAE"
CIBEEGCX,CIBEEGCX138,"COMMERCIAL INTERNATIONAL BANK, SAE"
CIBEEGCX,CIBEEGCX139,"COMMERCIAL INTERNATIONAL BANK, SAE"
CIBEEGCX,CIBEEGCX140,"COMMERCIAL INTERNATIONAL BANK, SAE"
CIBEEGCX,CIBEEGCX141,"COMMERCIAL INTERNATIONAL BANK, SAE"
CIBEEGCX,CIBEEGCX142,"COMMERCIAL INTERNATIONAL BANK, SAE"
CIBEEGCX,CIBEEGCX143,"COMMERCIAL INTERNATIONAL BANK, SAE"
CIBEEGCX,CIBEEGCX144,"COMMERCIAL INTERNATIONAL BANK, SAE"
CIBEEGCX,CIBEEGCX145,"COMMERCIAL INTERNATIONAL BANK, SAE"
CIBEEGCX,CIBEEGCX146,"COMMERCIAL INTERNATIONAL BANK, SAE"
CIBEEGCX,CIBEEGCX147,"COMMERCIAL INTERNATIONAL BANK, SAE"
CIBEEGCX,CIBEEGCX148,"COMMERCIAL INTERNATIONAL BANK, SAE"
CIBEEGCX,CIBEEGCX149,"COMMERCIAL INTERNATIONAL BANK, SAE"
CIBEEGCX,CIBEEGCX150,"COMMERCIAL INTERNATIONAL BANK, SAE"
CIBEEGCX,CIBEEGCX151,"COMMERCIAL INTERNATIONAL BANK, SAE"
CIBEEGCX,CIBEEGCX152,"COMMERCIAL INTERNATIONAL BANK, SAE"
CIBEEGCX,CIBEEGCX153,"COMMERCIAL INTERNATIONAL BANK, SAE"
CIBEEGCX,CIBEEGCX154,"COMMERCIAL INTERNATIONAL BANK, SAE"
CIBEEGCX,CIBEEGCX155,"COMMERCIAL INTERNATIONAL BANK, SAE"
CIBEEGCX,CIBEEGCX156,"COMMERCIAL INTERNATIONAL BANK, SAE"
CIBEEGCX,CIBEEGCX157,"COMMERCIAL INTERNATIONAL BANK, SAE"
CIBEEGCX,CIBEEGCX158,"COMMERCIAL INTERNATIONAL BANK, SAE"
CIBEEGCX,CIBEEGCX159,"COMMERCIAL INTERNATIONAL BANK, SAE"
CIBEEGCX,CIBEEGCX160,"COMMERCIAL INTERNATIONAL BANK, SAE"
CIBEEGCX,CIBEEGCX161,"COMMERCIAL INTERNATIONAL BANK, SAE"
CIBEEGCX,CIBEEGCX162,"COMMERCIAL INTERNATIONAL BANK, SAE"
CIBEEGCX,CIBEEGCX163,"COMMERCIAL INTERNATIONAL BANK, SAE"
CIBEEGCX,CIBEEGCX164,"COMMERCIAL INTERNATIONAL BANK, SAE"
CIBEEGCX,CIBEEGCX165,"COMMERCIAL INTERNATIONAL BANK, SAE"
CIBEEGCX,CIBEEGCX166,"COMMERCIAL INTERNATIONAL BANK, SAE"
CIBEEGCX,CIBEEGCX167,"COMMERCIAL INTERNATIONAL BANK, SAE"
CIBEEGCX,CIBEEGCX168,"COMMERCIAL INTERNATIONAL BANK, SAE"
CIBEEGCX,CIBEEGCX169,"COMMERCIAL INTERNATIONAL BANK, SAE"
CIBEEGCX,CIBEEGCX170,"COMMERCIAL INTERNATIONAL BANK, SAE"
CIBEEGCX,CIBEEGCX171,"COMMERCIAL INTERNATIONAL BANK, SAE"
CIBEEGCX,CIBEEGCX172,"COMMERCIAL INTERNATIONAL BANK, SAE"
CIBEEGCX,CIBEEGCX173,"COMMERCIAL INTERNATIONAL BANK, SAE"
CIBEEGCX,CIBEEGCX174,"COMMERCIAL INTERNATIONAL BANK, SAE"
CIBEEGCX,CIBEEGCX175,"COMMERCIAL INTERNATIONAL BANK, SAE"
CIBEEGCX,CIBEEGCX176,"COMMERCIAL INTERNATIONAL BANK, SAE"
CIBEEGCX,CIBEEGCX177,"COMMERCIAL INTERNATIONAL BANK, SAE"
CIBEEGCX,CIBEEGCX178,"COMMERCIAL INTERNATIONAL BANK, SAE"
CIBEEGCX,CIBEEGCX179,"COMMERCIAL INTERNATIONAL BANK, SAE"
CIBEEGCX,CIBEEGCX180,"COMMERCIAL INTERNATIONAL BANK, SAE"
CIBEEGCX,CIBEEGCX181,"COMMERCIAL INTERNATIONAL BANK, SAE"
CIBEEGCX,CIBEEGCX183,"COMMERCIAL INTERNATIONAL BANK, SAE"
CIBEEGCX,CIBEEGCX184,"COMMERCIAL INTERNATIONAL BANK, SAE"
CIBEEGCX,CIBEEGCX185,"COMMERCIAL INTERNATIONAL BANK, SAE"
CIBEEGCX,CIBEEGCX186,"COMMERCIAL INTERNATIONAL BANK, SAE"
CIBEEGCX,CIBEEGCX187,"COMMERCIAL INTERNATIONAL BANK, SAE"
CIBEEGCX,CIBEEGCX188,"COMMERCIAL INTERNATIONAL BANK, SAE"
CIBEEGCX,CIBEEGCX189,"COMMERCIAL INTERNATIONAL BANK, SAE"
CIBEEGCX,CIBEEGCX190,"COMMERCIAL INTERNATIONAL BANK, SAE"
CIBEEGCX,CIBEEGCX191,"COMMERCIAL INTERNATIONAL BANK, SAE"
CIBEEGCX,CIBEEGCX192,"COMMERCIAL INTERNATIONAL BANK, SAE"
CIBEEGCX,CIBEEGCX193,"COMMERCIAL INTERNATIONAL BANK, SAE"
CIBEEGCX,CIBEEGCX194,"COMMERCIAL INTERNATIONAL BANK, SAE"
CIBEEGCX,CIBEEGCX195,"COMMERCIAL INTERNATIONAL BANK, SAE"
CIBEEGCX,CIBEEGCX196,"COMMERCIAL INTERNATIONAL BANK, SAE"
CIBEEGCX,CIBEEGCX197,"COMMERCIAL INTERNATIONAL BANK, SAE"
CIBEEGCX,CIBEEGCX198,"COMMERCIAL INTERNATIONAL BANK, SAE"
CIBEEGCX,CIBEEGCX199,"COMMERCIAL INTERNATIONAL BANK, SAE"
CIBEEGCX,CIBEEGCX200,"COMMERCIAL INTERNATIONAL BANK, SAE"
CIBEEGCX,CIBEEGCX201,"COMMERCIAL INTERNATIONAL BANK, SAE"
CIBEEGCX,CIBEEGCX202,"COMMERCIAL INTERNATIONAL BANK, SAE"
CIBEEGCX,CIBEEGCX203,"COMMERCIAL INTERNATIONAL BANK, SAE"
CIBEEGCX,CIBEEGCX204,"COMMERCIAL INTERNATIONAL BANK, SAE"
CIBEEGCX,CIBEEGCX205,"COMMERCIAL INTERNATIONAL BANK, SAE"
CIBEEGCX,CIBEEGCX206,"COMMERCIAL INTERNATIONAL BANK, SAE"
CIBEEGCX,CIBEEGCX207,"COMMERCIAL INTERNATIONAL BANK, SAE"
CIBEEGCX,CIBEEGCX208,"COMMERCIAL INTERNATIONAL BANK, SAE"
CIBEEGCX,CIBEEGCX209,"COMMERCIAL INTERNATIONAL BANK, SAE"
CIBEEGCX,CIBEEGCX210,"COMMERCIAL INTERNATIONAL BANK, SAE"
CIBEEGCX,CIBEEGCX211,"COMMERCIAL INTERNATIONAL BANK, SAE"
CIBEEGCX,CIBEEGCX212,"COMMERCIAL INTERNATIONAL BANK, SAE"
CIBEEGCX,CIBEEGCX213,"COMMERCIAL INTERNATIONAL BANK, SAE"
CIBEEGCX,CIBEEGCX214,"COMMERCIAL INTERNATIONAL BANK, SAE"
CIBEEGCX,CIBEEGCX215,"COMMERCIAL INTERNATIONAL BANK, SAE"
CIBEEGCX,CIBEEGCX216,"COMMERCIAL INTERNATIONAL BANK, SAE"
CIBEEGCX,CIBEEGCX217,"COMMERCIAL INTERNATIONAL BANK, SAE"
CIBEEGCX,CIBEEGCX218,"COMMERCIAL INTERNATIONAL BANK, SAE"
CIBEEGCX,CIBEEGCX219,"COMMERCIAL INTERNATIONAL BANK, SAE"
CIBEEGCX,CIBEEGCX220,"COMMERCIAL INTERNATIONAL BANK, SAE"
CIBEEGCX,CIBEEGCX221,"COMMERCIAL INTERNATIONAL BANK, SAE"
CIBEEGCX,CIBEEGCX222,"COMMERCIAL INTERNATIONAL BANK, SAE"
CIBEEGCX,CIBEEGCX223,"COMMERCIAL INTERNATIONAL BANK, SAE"
CIBEEGCX,CIBEEGCX224,"COMMERCIAL INTERNATIONAL BANK, SAE"
CIBEEGCX,CIBEEGCX225,"COMMERCIAL INTERNATIONAL BANK, SAE"
CIBEEGCX,CIBEEGCX226,"COMMERCIAL INTERNATIONAL BANK, SAE"
CIBEEGCX,CIBEEGCX227,"COMMERCIAL INTERNATIONAL BANK, SAE"
CIBEEGCX,CIBEEGCX229,"COMMERCIAL INTERNATIONAL BANK, SAE"
CIBEEGCX,CIBEEGCX232,"COMMERCIAL INTERNATIONAL BANK, SAE"
CIBEEGCX,CIBEEGCX233,"COMMERCIAL INTERNATIONAL BANK, SAE"
CIBEEGCX,CIBEEGCX234,"COMMERCIAL INTERNATIONAL BANK, SAE"
CIBEEGCX,CIBEEGCX237,"COMMERCIAL INTERNATIONAL BANK, SAE"
CIBEEGCX,CIBEEGCX888,"COMMERCIAL INTERNATIONAL BANK, SAE"
CIBEEGCX,CIBEEGCXCPC,"COMMERCIAL INTERNATIONAL BANK, SAE"
CIBEEGCX,CIBEEGCXGTS,"COMMERCIAL INTERNATIONAL BANK, SAE"
CIBEEGCX,CIBEEGCXINQ,"COMMERCIAL INTERNATIONAL BANK, SAE"
CIBEEGCX,CIBEEGCXITF,"COMMERCIAL INTERNATIONAL BANK, SAE"
CIBEEGCX,CIBEEGCXLON,"COMMERCIAL INTERNATIONAL BANK, SAE"
CIBEEGCX,CIBEEGCXSHP,"COMMERCIAL INTERNATIONAL BANK, SAE"
CIBEEGCX,CIBEEGCXXXX,"COMMERCIAL INTERNATIONAL BANK, SAE"
CIBOEGCX,CIBOEGCXXXX,COMMERCIAL INTERNATIONAL BROKERAGE COMPANY
CITIEGCX,CITIEGCXALE,CITIBANK N.A. - CAIRO BRANCH
CITIEGCX,CITIEGCXCTI,CITIBANK N.A. - CAIRO BRANCH
CITIEGCX,CITIEGCXTRD,CITIBANK N.A. - CAIRO BRANCH
CITIEGCX,CITIEGCXXXX,CITIBANK N.A. - CAIRO BRANCH
CRCSEGCA,CRCSEGCAXXX,CAIRO CAPITAL SECURITIES
CRESEGC1,CRESEGC1XXX,CREDIT SUISSE
DEBEEGC1,DEBEEGC1XXX,DELTA BROKERAGE EAB S.A.E.
DEIBEGCX,DEIBEGCX016,KUWAIT FINANCE HOUSE BANK- EGYPT
DEIBEGCX,DEIBEGCX024,KUWAIT FINANCE HOUSE BANK- EGYPT
DEIBEGCX,DEIBEGCX032,KUWAIT FINANCE HOUSE BANK- EGYPT
DEIBEGCX,DEIBEGCX040,KUWAIT FINANCE HOUSE BANK- EGYPT
DEIBEGCX,DEIBEGCX059,KUWAIT FINANCE HOUSE BANK- EGYPT
DEIBEGCX,DEIBEGCX075,KUWAIT FINANCE HOUSE BANK- EGYPT
DEIBEGCX,DEIBEGCX083,KUWAIT FINANCE HOUSE BANK- EGYPT
DEIBEGCX,DEIBEGCX110,KUWAIT FINANCE HOUSE BANK- EGYPT
DEIBEGCX,DEIBEGCX128,KUWAIT FINANCE HOUSE BANK- EGYPT
DEIBEGCX,DEIBEGCX215,KUWAIT FINANCE HOUSE BANK- EGYPT
DEIBEGCX,DEIBEGCX223,KUWAIT FINANCE HOUSE BANK- EGYPT
DEIBEGCX,DEIBEGCX319,KUWAIT FINANCE HOUSE BANK- EGYPT
DEIBEGCX,DEIBEGCX518,KUWAIT FINANCE HOUSE BANK- EGYPT
DEIBEGCX,DEIBEGCX527,KUWAIT FINANCE HOUSE BANK- EGYPT
DEIBEGCX,DEIBEGCX613,KUWAIT FINANCE HOUSE BANK- EGYPT
DEIBEGCX,DEIBEGCX621,KUWAIT FINANCE HOUSE BANK- EGYPT
DEIBEGCX,DEIBEGCX718,KUWAIT FINANCE HOUSE BANK- EGYPT
DEIBEGCX,DEIBEGCXXXX,KUWAIT FINANCE HOUSE BANK- EGYPT
DIBBEGCA,DIBBEGCA03B,INDUSTRIAL DEVELOPMENT BANK
DIBBEGCA,DIBBEGCA0A4,INDUSTRIAL DEVELOPMENT BANK
DIBBEGCA,DIBBEGCA0A5,INDUSTRIAL DEVELOPMENT BANK
DIBBEGCA,DIBBEGCA0A6,INDUSTRIAL DEVELOPMENT BANK
DIBBEGCA,DIBBEGCA0AL,INDUSTRIAL DEVELOPMENT BANK
DIBBEGCA,DIBBEGCA0C2,INDUSTRIAL DEVELOPMENT BANK
DIBBEGCA,DIBBEGCA0C3,INDUSTRIAL DEVELOPMENT BANK
DIBBEGCA,DIBBEGCACAI,INDUSTRIAL DEVELOPMENT BANK
DIBBEGCA,DIBBEGCAFIN,INDUSTRIAL DEVELOPMENT BANK
DIBBEGCA,DIBBEGCAXXX,INDUSTRIAL DEVELOPMENT BANK
EAABEGCX,EAABEGCXXXX,ARAB BANKING CORPORATION EGYPT
EBBKEGCX,EBBKEGCXXXX,HSBC BANK EGYPT S.A.E
EBCGEGC1,EBCGEGC1XXX,"EGYPTIAN BANKS COMPANY FOR TECHNOLOGICAL ADVANCEMENT, SAE"
EBILEGCX,EBILEGCXALX,EMIRATES NATIONAL BANK OF DUBAI SAE
EBILEGCX,EBILEGCXDOK,EMIRATES NATIONAL BANK OF DUBAI SAE
EBILEGCX,EBILEGCXGAR,EMIRATES NATIONAL BANK OF DUBAI SAE
EBILEGCX,EBILEGCXGLM,EMIRATES NATIONAL BANK OF DUBAI SAE
EBILEGCX,EBILEGCXHEL,EMIRATES NATIONAL BANK OF DUBAI SAE
EBILEGCX,EBILEGCXXXX,EMIRATES NATIONAL BANK OF DUBAI SAE
ECBAEGCA,ECBAEGCAXXX,AL AHLI BANK OF KUWAIT-EGYPT S.A.E
EFGHEGCA,EFGHEGCAAMO,EFG HERMES INTERNATIONAL SECURITIES BROKERAGE (EHISB)
EFGHEGCA,EFGHEGCAFBG,EFG HERMES INTERNATIONAL SECURITIES BROKERAGE (EHISB)
EFGHEGCA,EFGHEGCAXXX,EFG HERMES INTERNATIONAL SECURITIES BROKERAGE (EHISB)
EGFGEGC1,EGFGEGC1XXX,EFG HERMES HOLDING SAE
EGGBEGCA,EGGBEGCAALX,EGYPTIAN GULF BANK
EGGBEGCA,EGGBEGCAAZH,EGYPTIAN GULF BANK
EGGBEGCA,EGGBEGCABLS,EGYPTIAN GULF BANK
EGGBEGCA,EGGBEGCACAI,EGYPTIAN GULF BANK
EGGBEGCA,EGGBEGCAHEL,EGYPTIAN GULF BANK
EGGBEGCA,EGGBEGCAHSC,EGYPTIAN GULF BANK
EGGBEGCA,EGGBEGCALCS,EGYPTIAN GULF BANK
EGGBEGCA,EGGBEGCALGS,EGYPTIAN GULF BANK
EGGBEGCA,EGGBEGCAMAN,EGYPTIAN GULF BANK
EGGBEGCA,EGGBEGCAMER,EGYPTIAN GULF BANK
EGGBEGCA,EGGBEGCAMOH,EGYPTIAN GULF BANK
EGGBEGCA,EGGBEGCAOCT,EGYPTIAN GULF BANK
EGGBEGCA,EGGBEGCAPAY,EGYPTIAN GULF BANK
EGGBEGCA,EGGBEGCARAM,EGYPTIAN GULF BANK
EGGBEGCA,EGGBEGCAXXX,EGYPTIAN GULF BANK
EIPFEGCA,EIPFEGCAXXX,EGYPTIAN INVESTOR PROTECTION FUND
ETHNEGCA,ETHNEGCAXXX,NATIONAL BANK OF GREECE
EWBAEGC1,EWBAEGC1XXX,EGYPTIAN WORKERS BANK
EXDEEGCX,EXDEEGCXALX,EXPORT DEVELOPMENT BANK OF EGYPT
EXDEEGCX,EXDEEGCXBRG,EXPORT DEVELOPMENT BANK OF EGYPT
EXDEEGCX,EXDEEGCXDOK,EXPORT DEVELOPMENT BANK OF EGYPT
EXDEEGCX,EXDEEGCXFSL,EXPORT DEVELOPMENT BANK OF EGYPT
EXDEEGCX,EXDEEGCXHED,EXPORT DEVELOPMENT BANK OF EGYPT
EXDEEGCX,EXDEEGCXHEG,EXPORT DEVELOPMENT BANK OF EGYPT
EXDEEGCX,EXDEEGCXMOH,EXPORT DEVELOPMENT BANK OF EGYPT
EXDEEGCX,EXDEEGCXNCT,EXPORT DEVELOPMENT BANK OF EGYPT
EXDEEGCX,EXDEEGCXNIL,EXPORT DEVELOPMENT BANK OF EGYPT
EXDEEGCX,EXDEEGCXOBO,EXPORT DEVELOPMENT BANK OF EGYPT
EXDEEGCX,EXDEEGCXOBR,EXPORT DEVELOPMENT BANK OF EGYPT
EXDEEGCX,EXDEEGCXOCT,EXPORT DEVELOPMENT BANK OF EGYPT
EXDEEGCX,EXDEEGCXRAM,EXPORT DEVELOPMENT BANK OF EGYPT
EXDEEGCX,EXDEEGCXRSH,EXPORT DEVELOPMENT BANK OF EGYPT
EXDEEGCX,EXDEEGCXXXX,EXPORT DEVELOPMENT BANK OF EGYPT
EXDEEGCX,EXDEEGCXZAM,EXPORT DEVELOPMENT BANK OF EGYPT
FIBGEGC1,FIBGEGC1XXX,FINANCIAL BROKERAGE GROUP
FIEGEGCX,FIEGEGCXALX,FAISAL ISLAMIC BANK OF EGYPT
FIEGEGCX,FIEGEGCXCAI,FAISAL ISLAMIC BANK OF EGYPT
FIEGEGCX,FIEGEGCXITD,FAISAL ISLAMIC BANK OF EGYPT
FIEGEGCX,FIEGEGCXMAI,FAISAL ISLAMIC BANK OF EGYPT
FIEGEGCX,FIEGEGCXXXX,FAISAL ISLAMIC BANK OF EGYPT
GLNSEGA1,GLNSEGA1XXX,GLOBAL INVEST SECURITIES
HCBREGC1,HCBREGC1XXX,HC BROKERAGE SAE WORLD TRADE CENTER
HCESEGC1,HCESEGC1XXX,HSBC SECURITIES EGYPT S.A.E.
HDBKEGCA,HDBKEGCAXXX,HOUSING AND DEVELOPMENT BANK
HDBKEGCA,HDBKEGCAZAM,HOUSING AND DEVELOPMENT BANK
MCSDEGCA,MCSDEGCAIPF,"MISR FOR CENTRAL CLEARING, DEPOSITORY AND REGISTRY"
MCSDEGCA,MCSDEGCAXXX,"MISR FOR CENTRAL CLEARING, DEPOSITORY AND REGISTRY"
MIDBEGCX,MIDBEGCXACC,MIDBANK
MIDBEGCX,MIDBEGCXADL,MIDBANK
MIDBEGCX,MIDBEGCXALX,MIDBANK
MIDBEGCX,MIDBEGCXARK,MIDBANK
MIDBEGCX,MIDBEGCXBNS,MIDBANK
MIDBEGCX,MIDBEGCXDAM,MIDBANK
MIDBEGCX,MIDBEGCXDEL,MIDBANK
MIDBEGCX,MIDBEGCXGZA,MIDBANK
MIDBEGCX,MIDBEGCXHLP,MIDBANK
MIDBEGCX,MIDBEGCXHSX,MIDBANK
MIDBEGCX,MIDBEGCXINT,MIDBANK
MIDBEGCX,MIDBEGCXLCD,MIDBANK
MIDBEGCX,MIDBEGCXMAD,MIDBANK
MIDBEGCX,MIDBEGCXMHD,MIDBANK
MIDBEGCX,MIDBEGCXNCA,MIDBANK
MIDBEGCX,MIDBEGCXNSR,MIDBANK
MIDBEGCX,MIDBEGCXOCT,MIDBANK
MIDBEGCX,MIDBEGCXPTS,MIDBANK
MIDBEGCX,MIDBEGCXRAM,MIDBANK
MIDBEGCX,MIDBEGCXSUH,MIDBANK
MIDBEGCX,MIDBEGCXTAT,MIDBANK
MIDBEGCX,MIDBEGCXUNV,MIDBANK
MIDBEGCX,MIDBEGCXXXX,MIDBANK
MISHEGC1,MISHEGC1XXX,MEGA INVESTMENTS SECURITIES
MOHBEGC1,MOHBEGC1XXX,MOHANDES BANK
MRBAEGB1,MRBAEGB1XXX,ARAB BANKING CORPORATION EGYPT
MSHQEGCA,MSHQEGCACBG,MASHREQ BANK
MSHQEGCA,MSHQEGCARBG,MASHREQ BANK
MSHQEGCA,MSHQEGCATCM,MASHREQ BANK
MSHQEGCA,MSHQEGCAXXX,MASHREQ BANK
MUBREGC1,MUBREGC1XXX,MUBASHER TRADE
MUSSEGC1,MUSSEGC1XXX,MUBASHER INTERNATIONAL FOR SECURITIES
NAEEEGC1,NAEEEGC1XXX,NAEEM BROKERAGE
NBADEGCA,NBADEGCACMS,FIRST ABU DHABI BANK MISR S.A.E.
NBADEGCA,NBADEGCAOCT,FIRST ABU DHABI BANK MISR S.A.E.
NBADEGCA,NBADEGCAPSU,FIRST ABU DHABI BANK MISR S.A.E.
NBADEGCA,NBADEGCATFO,FIRST ABU DHABI BANK MISR S.A.E.
NBADEGCA,NBADEGCAXXX,FIRST ABU DHABI BANK MISR S.A.E.
NBEGEGCX,NBEGEGCX001,NATIONAL BANK OF EGYPT
NBEGEGCX,NBEGEGCX002,NATIONAL BANK OF EGYPT
NBEGEGCX,NBEGEGCX003,NATIONAL BANK OF EGYPT
NBEGEGCX,NBEGEGCX004,NATIONAL BANK OF EGYPT
NBEGEGCX,NBEGEGCX005,NATIONAL BANK OF EGYPT
NBEGEGCX,NBEGEGCX006,NATIONAL BANK OF EGYPT
NBEGEGCX,NBEGEGCX007,NATIONAL BANK OF EGYPT
NBEGEGCX,NBEGEGCX008,NATIONAL BANK OF EGYPT
NBEGEGCX,NBEGEGCX009,NATIONAL BANK OF EGYPT
NBEGEGCX,NBEGEGCX010,NATIONAL BANK OF EGYPT
NBEGEGCX,NBEGEGCX011,NATIONAL BANK OF EGYPT
NBEGEGCX,NBEGEGCX012,NATIONAL BANK OF EGYPT
NBEGEGCX,NBEGEGCX013,NATIONAL BANK OF EGYPT
NBEGEGCX,NBEGEGCX014,NATIONAL BANK OF EGYPT
NBEGEGCX,NBEGEGCX015,NATIONAL BANK OF EGYPT
NBEGEGCX,NBEGEGCX016,NATIONAL BANK OF EGYPT
NBEGEGCX,NBEGEGCX017,NATIONAL BANK OF EGYPT
NBEGEGCX,NBEGEGCX018,NATIONAL BANK OF EGYPT
NBEGEGCX,NBEGEGCX019,NATIONAL BANK OF EGYPT
NBEGEGCX,NBEGEGCX020,NATIONAL BANK OF EGYPT
NBEGEGCX,NBEGEGCX021,NATIONAL BANK OF EGYPT
NBEGEGCX,NBEGEGCX022,NATIONAL BANK OF EGYPT
NBEGEGCX,NBEGEGCX023,NATIONAL BANK OF EGYPT
NBEGEGCX,NBEGEGCX024,NATIONAL BANK OF EGYPT
NBEGEGCX,NBEGEGCX025,NATIONAL BANK OF EGYPT
NBEGEGCX,NBEGEGCX026,NATIONAL BANK OF EGYPT
NBEGEGCX,NBEGEGCX027,NATIONAL BANK OF EGYPT
NBEGEGCX,NBEGEGCX028,NATIONAL BANK OF EGYPT
NBEGEGCX,NBEGEGCX029,NATIONAL BANK OF EGYPT
NBEGEGCX,NBEGEGCX030,NATIONAL BANK OF EGYPT
NBEGEGCX,NBEGEGCX031,NATIONAL BANK OF EGYPT
NBEGEGCX,NBEGEGCX032,NATIONAL BANK OF EGYPT
NBEGEGCX,NBEGEGCX033,NATIONAL BANK OF EGYPT
NBEGEGCX,NBEGEGCX034,NATIONAL BANK OF EGYPT
NBEGEGCX,NBEGEGCX035,NATIONAL BANK OF EGYPT
NBEGEGCX,NBEGEGCX036,NATIONAL BANK OF EGYPT
NBEGEGCX,NBEGEGCX037,NATIONAL BANK OF EGYPT
NBEGEGCX,NBEGEGCX038,NATIONAL BANK OF EGYPT
NBEGEGCX,NBEGEGCX039,NATIONAL BANK OF EGYPT
NBEGEGCX,NBEGEGCX040,NATIONAL BANK OF EGYPT
NBEGEGCX,NBEGEGCX041,NATIONAL BANK OF EGYPT
NBEGEGCX,NBEGEGCX042,NATIONAL BANK OF EGYPT
NBEGEGCX,NBEGEGCX043,NATIONAL BANK OF EGYPT
NBEGEGCX,NBEGEGCX044,NATIONAL BANK OF EGYPT
NBEGEGCX,NBEGEGCX045,NATIONAL BANK OF EGYPT
NBEGEGCX,NBEGEGCX046,NATIONAL BANK OF EGYPT
NBEGEGCX,NBEGEGCX047,NATIONAL BANK OF EGYPT
NBEGEGCX,NBEGEGCX048,NATIONAL BANK OF EGYPT
NBEGEGCX,NBEGEGCX049,NATIONAL BANK OF EGYPT
NBEGEGCX,NBEGEGCX050,NATIONAL BANK OF EGYPT
NBEGEGCX,NBEGEGCX051,NATIONAL BANK OF EGYPT
NBEGEGCX,NBEGEGCX052,NATIONAL BANK OF EGYPT
NBEGEGCX,NBEGEGCX053,NATIONAL BANK OF EGYPT
NBEGEGCX,NBEGEGCX054,NATIONAL BANK OF EGYPT
NBEGEGCX,NBEGEGCX055,NATIONAL BANK OF EGYPT
NBEGEGCX,NBEGEGCX056,NATIONAL BANK OF EGYPT
NBEGEGCX,NBEGEGCX057,NATIONAL BANK OF EGYPT
NBEGEGCX,NBEGEGCX058,NATIONAL BANK OF EGYPT
NBEGEGCX,NBEGEGCX059,NATIONAL BANK OF EGYPT
NBEGEGCX,NBEGEGCX060,NATIONAL BANK OF EGYPT
NBEGEGCX,NBEGEGCX061,NATIONAL BANK OF EGYPT
NBEGEGCX,NBEGEGCX062,NATIONAL BANK OF EGYPT
NBEGEGCX,NBEGEGCX063,NATIONAL BANK OF EGYPT
NBEGEGCX,NBEGEGCX064,NATIONAL BANK OF EGYPT
NBEGEGCX,NBEGEGCX065,NATIONAL BANK OF EGYPT
NBEGEGCX,NBEGEGCX066,NATIONAL BANK OF EGYPT
NBEGEGCX,NBEGEGCX067,NATIONAL BANK OF EGYPT
NBEGEGCX,NBEGEGCX068,NATIONAL BANK OF EGYPT
NBEGEGCX,NBEGEGCX069,NATIONAL BANK OF EGYPT
NBEGEGCX,NBEGEGCX070,NATIONAL BANK OF EGYPT
NBEGEGCX,NBEGEGCX071,NATIONAL BANK OF EGYPT
NBEGEGCX,NBEGEGCX072,NATIONAL BANK OF EGYPT
NBEGEGCX,NBEGEGCX073,NATIONAL BANK OF EGYPT
NBEGEGCX,NBEGEGCX074,NATIONAL BANK OF EGYPT
NBEGEGCX,NBEGEGCX075,NATIONAL BANK OF EGYPT
NBEGEGCX,NBEGEGCX076,NATIONAL BANK OF EGYPT
NBEGEGCX,NBEGEGCX077,NATIONAL BANK OF EGYPT
NBEGEGCX,NBEGEGCX078,NATIONAL BANK OF EGYPT
NBEGEGCX,NBEGEGCX079,NATIONAL BANK OF EGYPT
NBEGEGCX,NBEGEGCX080,NATIONAL BANK OF EGYPT
NBEGEGCX,NBEGEGCX081,NATIONAL BANK OF EGYPT
NBEGEGCX,NBEGEGCX082,NATIONAL BANK OF EGYPT
NBEGEGCX,NBEGEGCX083,NATIONAL BANK OF EGYPT
NBEGEGCX,NBEGEGCX084,NATIONAL BANK OF EGYPT
NBEGEGCX,NBEGEGCX085,NATIONAL BANK OF EGYPT
NBEGEGCX,NBEGEGCX086,NATIONAL BANK OF EGYPT
NBEGEGCX,NBEGEGCX087,NATIONAL BANK OF EGYPT
NBEGEGCX,NBEGEGCX088,NATIONAL BANK OF EGYPT
NBEGEGCX,NBEGEGCX089,NATIONAL BANK OF EGYPT
NBEGEGCX,NBEGEGCX090,NATIONAL BANK OF EGYPT
NBEGEGCX,NBEGEGCX091,NATIONAL BANK OF EGYPT
NBEGEGCX,NBEGEGCX092,NATIONAL BANK OF EGYPT
NBEGEGCX,NBEGEGCX093,NATIONAL BANK OF EGYPT
NBEGEGCX,NBEGEGCX094,NATIONAL BANK OF EGYPT
NBEGEGCX,NBEGEGCX095,NATIONAL BANK OF EGYPT
NBEGEGCX,NBEGEGCX096,NATIONAL BANK OF EGYPT
NBEGEGCX,NBEGEGCX097,NATIONAL BANK OF EGYPT
NBEGEGCX,NBEGEGCX098,NATIONAL BANK OF EGYPT
NBEGEGCX,NBEGEGCX099,NATIONAL BANK OF EGYPT
NBEGEGCX,NBEGEGCX100,NATIONAL BANK OF EGYPT
NBEGEGCX,NBEGEGCX101,NATIONAL BANK OF EGYPT
NBEGEGCX,NBEGEGCX102,NATIONAL BANK OF EGYPT
NBEGEGCX,NBEGEGCX103,NATIONAL BANK OF EGYPT
NBEGEGCX,NBEGEGCX104,NATIONAL BANK OF EGYPT
NBEGEGCX,NBEGEGCX105,NATIONAL BANK OF EGYPT
NBEGEGCX,NBEGEGCX106,NATIONAL BANK OF EGYPT
NBEGEGCX,NBEGEGCX107,NATIONAL BANK OF EGYPT
NBEGEGCX,NBEGEGCX108,NATIONAL BANK OF EGYPT
NBEGEGCX,NBEGEGCX109,NATIONAL BANK OF EGYPT
NBEGEGCX,NBEGEGCX110,NATIONAL BANK OF EGYPT
NBEGEGCX,NBEGEGCX111,NATIONAL BANK OF EGYPT
NBEGEGCX,NBEGEGCX112,NATIONAL BANK OF EGYPT
NBEGEGCX,NBEGEGCX113,NATIONAL BANK OF EGYPT
NBEGEGCX,NBEGEGCX114,NATIONAL BANK OF EGYPT
NBEGEGCX,NBEGEGCX115,NATIONAL BANK OF EGYPT
NBEGEGCX,NBEGEGCX116,NATIONAL BANK OF EGYPT
NBEGEGCX,NBEGEGCX117,NATIONAL BANK OF EGYPT
NBEGEGCX,NBEGEGCX118,NATIONAL BANK OF EGYPT
NBEGEGCX,NBEGEGCX119,NATIONAL BANK OF EGYPT
NBEGEGCX,NBEGEGCX120,NATIONAL BANK OF EGYPT
NBEGEGCX,NBEGEGCX121,NATIONAL BANK OF EGYPT
NBEGEGCX,NBEGEGCX122,NATIONAL BANK OF EGYPT
NBEGEGCX,NBEGEGCX123,NATIONAL BANK OF EGYPT
NBEGEGCX,NBEGEGCX124,NATIONAL BANK OF EGYPT
NBEGEGCX,NBEGEGCX125,NATIONAL BANK OF EGYPT
NBEGEGCX,NBEGEGCX126,NATIONAL BANK OF EGYPT
NBEGEGCX,NBEGEGCX127,NATIONAL BANK OF EGYPT
NBEGEGCX,NBEGEGCX128,NATIONAL BANK OF EGYPT
NBEGEGCX,NBEGEGCX129,NATIONAL BANK OF EGYPT
NBEGEGCX,NBEGEGCX130,NATIONAL BANK OF EGYPT
NBEGEGCX,NBEGEGCX131,NATIONAL BANK OF EGYPT
NBEGEGCX,NBEGEGCX132,NATIONAL BANK OF EGYPT
NBEGEGCX,NBEGEGCX133,NATIONAL BANK OF EGYPT
NBEGEGCX,NBEGEGCX134,NATIONAL BANK OF EGYPT
NBEGEGCX,NBEGEGCX135,NATIONAL BANK OF EGYPT
NBEGEGCX,NBEGEGCX136,NATIONAL BANK OF EGYPT
NBEGEGCX,NBEGEGCX137,NATIONAL BANK OF EGYPT
NBEGEGCX,NBEGEGCX138,NATIONAL BANK OF EGYPT
NBEGEGCX,NBEGEGCX139,NATIONAL BANK OF EGYPT
NBEGEGCX,NBEGEGCX140,NATIONAL BANK OF EGYPT
NBEGEGCX,NBEGEGCX142,NATIONAL BANK OF EGYPT
NBEGEGCX,NBEGEGCX143,NATIONAL BANK OF EGYPT
NBEGEGCX,NBEGEGCX144,NATIONAL BANK OF EGYPT
NBEGEGCX,NBEGEGCX145,NATIONAL BANK OF EGYPT
NBEGEGCX,NBEGEGCX146,NATIONAL BANK OF EGYPT
NBEGEGCX,NBEGEGCX147,NATIONAL BANK OF EGYPT
NBEGEGCX,NBEGEGCX148,NATIONAL BANK OF EGYPT
NBEGEGCX,NBEGEGCX149,NATIONAL BANK OF EGYPT
NBEGEGCX,NBEGEGCX150,NATIONAL BANK OF EGYPT
NBEGEGCX,NBEGEGCX151,NATIONAL BANK OF EGYPT
NBEGEGCX,NBEGEGCX152,NATIONAL BANK OF EGYPT
NBEGEGCX,NBEGEGCX153,NATIONAL BANK OF EGYPT
NBEGEGCX,NBEGEGCX154,NATIONAL BANK OF EGYPT
NBEGEGCX,NBEGEGCX155,NATIONAL BANK OF EGYPT
NBEGEGCX,NBEGEGCX156,NATIONAL BANK OF EGYPT
NBEGEGCX,NBEGEGCX157,NATIONAL BANK OF EGYPT
NBEGEGCX,NBEGEGCX158,NATIONAL BANK OF EGYPT
NBEGEGCX,NBEGEGCX159,NATIONAL BANK OF EGYPT
NBEGEGCX,NBEGEGCX160,NATIONAL BANK OF EGYPT
NBEGEGCX,NBEGEGCX161,NATIONAL BANK OF EGYPT
NBEGEGCX,NBEGEGCX162,NATIONAL BANK OF EGYPT
NBEGEGCX,NBEGEGCX163,NATIONAL BANK OF EGYPT
NBEGEGCX,NBEGEGCX164,NATIONAL BANK OF EGYPT
NBEGEGCX,NBEGEGCX165,NATIONAL BANK OF EGYPT
NBEGEGCX,NBEGEGCX166,NATIONAL BANK OF EGYPT
NBEGEGCX,NBEGEGCX167,NATIONAL BANK OF EGYPT
NBEGEGCX,NBEGEGCX168,NATIONAL BANK OF EGYPT
NBEGEGCX,NBEGEGCX169,NATIONAL BANK OF EGYPT
NBEGEGCX,NBEGEGCX170,NATIONAL BANK OF EGYPT
NBEGEGCX,NBEGEGCX171,NATIONAL BANK OF EGYPT
NBEGEGCX,NBEGEGCX172,NATIONAL BANK OF EGYPT
NBEGEGCX,NBEGEGCX173,NATIONAL BANK OF EGYPT
NBEGEGCX,NBEGEGCX174,NATIONAL BANK OF EGYPT
NBEGEGCX,NBEGEGCX175,NATIONAL BANK OF EGYPT
NBEGEGCX,NBEGEGCX176,NATIONAL BANK OF EGYPT
NBEGEGCX,NBEGEGCX177,NATIONAL BANK OF EGYPT
NBEGEGCX,NBEGEGCX178,NATIONAL BANK OF EGYPT
NBEGEGCX,NBEGEGCX179,NATIONAL BANK OF EGYPT
NBEGEGCX,NBEGEGCX180,NATIONAL BANK OF EGYPT
NBEGEGCX,NBEGEGCX181,NATIONAL BANK OF EGYPT
NBEGEGCX,NBEGEGCX182,NATIONAL BANK OF EGYPT
NBEGEGCX,NBEGEGCX183,NATIONAL BANK OF EGYPT
NBEGEGCX,NBEGEGCX184,NATIONAL BANK OF EGYPT
NBEGEGCX,NBEGEGCX185,NATIONAL BANK OF EGYPT
NBEGEGCX,NBEGEGCX186,NATIONAL BANK OF EGYPT
NBEGEGCX,NBEGEGCX187,NATIONAL BANK OF EGYPT
NBEGEGCX,NBEGEGCX188,NATIONAL BANK OF EGYPT
NBEGEGCX,NBEGEGCX189,NATIONAL BANK OF EGYPT
NBEGEGCX,NBEGEGCX190,NATIONAL BANK OF EGYPT
NBEGEGCX,NBEGEGCX191,NATIONAL BANK OF EGYPT
NBEGEGCX,NBEGEGCX192,NATIONAL BANK OF EGYPT
NBEGEGCX,NBEGEGCX193,NATIONAL BANK OF EGYPT
NBEGEGCX,NBEGEGCX194,NATIONAL BANK OF EGYPT
NBEGEGCX,NBEGEGCX195,NATIONAL BANK OF EGYPT
NBEGEGCX,NBEGEGCX196,NATIONAL BANK OF EGYPT
NBEGEGCX,NBEGEGCX197,NATIONAL BANK OF EGYPT
NBEGEGCX,NBEGEGCX198,NATIONAL BANK OF EGYPT
NBEGEGCX,NBEGEGCX199,NATIONAL BANK OF EGYPT
NBEGEGCX,NBEGEGCX200,NATIONAL BANK OF EGYPT
NBEGEGCX,NBEGEGCX201,NATIONAL BANK OF EGYPT
NBEGEGCX,NBEGEGCX202,NATIONAL BANK OF EGYPT
NBEGEGCX,NBEGEGCX203,NATIONAL BANK OF EGYPT
NBEGEGCX,NBEGEGCX204,NATIONAL BANK OF EGYPT
NBEGEGCX,NBEGEGCX205,NATIONAL BANK OF EGYPT
NBEGEGCX,NBEGEGCX206,NATIONAL BANK OF EGYPT
NBEGEGCX,NBEGEGCX207,NATIONAL BANK OF EGYPT
NBEGEGCX,NBEGEGCX208,NATIONAL BANK OF EGYPT
NBEGEGCX,NBEGEGCX209,NATIONAL BANK OF EGYPT
NBEGEGCX,NBEGEGCX210,NATIONAL BANK OF EGYPT
NBEGEGCX,NBEGEGCX211,NATIONAL BANK OF EGYPT
NBEGEGCX,NBEGEGCX212,NATIONAL BANK OF EGYPT
NBEGEGCX,NBEGEGCX213,NATIONAL BANK OF EGYPT
NBEGEGCX,NBEGEGCX215,NATIONAL BANK OF EGYPT
NBEGEGCX,NBEGEGCX216,NATIONAL BANK OF EGYPT
NBEGEGCX,NBEGEGCX217,NATIONAL BANK OF EGYPT
NBEGEGCX,NBEGEGCX218,NATIONAL BANK OF EGYPT
NBEGEGCX,NBEGEGCX219,NATIONAL BANK OF EGYPT
NBEGEGCX,NBEGEGCX220,NATIONAL BANK OF EGYPT
NBEGEGCX,NBEGEGCX222,NATIONAL BANK OF EGYPT
NBEGEGCX,NBEGEGCX223,NATIONAL BANK OF EGYPT
NBEGEGCX,NBEGEGCX224,NATIONAL BANK OF EGYPT
NBEGEGCX,NBEGEGCX226,NATIONAL BANK OF EGYPT
NBEGEGCX,NBEGEGCX227,NATIONAL BANK OF EGYPT
NBEGEGCX,NBEGEGCX228,NATIONAL BANK OF EGYPT
NBEGEGCX,NBEGEGCX229,NATIONAL BANK OF EGYPT
NBEGEGCX,NBEGEGCX230,NATIONAL BANK OF EGYPT
NBEGEGCX,NBEGEGCX231,NATIONAL BANK OF EGYPT
NBEGEGCX,NBEGEGCX232,NATIONAL BANK OF EGYPT
NBEGEGCX,NBEGEGCX233,NATIONAL BANK OF EGYPT
NBEGEGCX,NBEGEGCX234,NATIONAL BANK OF EGYPT
NBEGEGCX,NBEGEGCX235,NATIONAL BANK OF EGYPT
NBEGEGCX,NBEGEGCX236,NATIONAL BANK OF EGYPT
NBEGEGCX,NBEGEGCX237,NATIONAL BANK OF EGYPT
NBEGEGCX,NBEGEGCX238,NATIONAL BANK OF EGYPT
NBEGEGCX,NBEGEGCX239,NATIONAL BANK OF EGYPT
NBEGEGCX,NBEGEGCX240,NATIONAL BANK OF EGYPT
NBEGEGCX,NBEGEGCX241,NATIONAL BANK OF EGYPT
NBEGEGCX,NBEGEGCX242,NATIONAL BANK OF EGYPT
NBEGEGCX,NBEGEGCX243,NATIONAL BANK OF EGYPT
NBEGEGCX,NBEGEGCX244,NATIONAL BANK OF EGYPT
NBEGEGCX,NBEGEGCX246,NATIONAL BANK OF EGYPT
NBEGEGCX,NBEGEGCX247,NATIONAL BANK OF EGYPT
NBEGEGCX,NBEGEGCX248,NATIONAL BANK OF EGYPT
NBEGEGCX,NBEGEGCX249,NATIONAL BANK OF EGYPT
NBEGEGCX,NBEGEGCX250,NATIONAL BANK OF EGYPT
NBEGEGCX,NBEGEGCX251,NATIONAL BANK OF EGYPT
NBEGEGCX,NBEGEGCX252,NATIONAL BANK OF EGYPT
NBEGEGCX,NBEGEGCX253,NATIONAL BANK OF EGYPT
NBEGEGCX,NBEGEGCX254,NATIONAL BANK OF EGYPT
NBEGEGCX,NBEGEGCX255,NATIONAL BANK OF EGYPT
NBEGEGCX,NBEGEGCX256,NATIONAL BANK OF EGYPT
NBEGEGCX,NBEGEGCX257,NATIONAL BANK OF EGYPT
NBEGEGCX,NBEGEGCX258,NATIONAL BANK OF EGYPT
NBEGEGCX,NBEGEGCX259,NATIONAL BANK OF EGYPT
NBEGEGCX,NBEGEGCX260,NATIONAL BANK OF EGYPT
NBEGEGCX,NBEGEGCX261,NATIONAL BANK OF EGYPT
NBEGEGCX,NBEGEGCX262,NATIONAL BANK OF EGYPT
NBEGEGCX,NBEGEGCX263,NATIONAL BANK OF EGYPT
NBEGEGCX,NBEGEGCX264,NATIONAL BANK OF EGYPT
NBEGEGCX,NBEGEGCX265,NATIONAL BANK OF EGYPT
NBEGEGCX,NBEGEGCX266,NATIONAL BANK OF EGYPT
NBEGEGCX,NBEGEGCX267,NATIONAL BANK OF EGYPT
NBEGEGCX,NBEGEGCX268,NATIONAL BANK OF EGYPT
NBEGEGCX,NBEGEGCX269,NATIONAL BANK OF EGYPT
NBEGEGCX,NBEGEGCX270,NATIONAL BANK OF EGYPT
NBEGEGCX,NBEGEGCX271,NATIONAL BANK OF EGYPT
NBEGEGCX,NBEGEGCX300,NATIONAL BANK OF EGYPT
NBEGEGCX,NBEGEGCX301,NATIONAL BANK OF EGYPT
NBEGEGCX,NBEGEGCX302,NATIONAL BANK OF EGYPT
NBEGEGCX,NBEGEGCX303,NATIONAL BANK OF EGYPT
NBEGEGCX,NBEGEGCX304,NATIONAL BANK OF EGYPT
NBEGEGCX,NBEGEGCX305,NATIONAL BANK OF EGYPT
NBEGEGCX,NBEGEGCX306,NATIONAL BANK OF EGYPT
NBEGEGCX,NBEGEGCX310,NATIONAL BANK OF EGYPT
NBEGEGCX,NBEGEGCX311,NATIONAL BANK OF EGYPT
NBEGEGCX,NBEGEGCX312,NATIONAL BANK OF EGYPT
NBEGEGCX,NBEGEGCX313,NATIONAL BANK OF EGYPT
NBEGEGCX,NBEGEGCX314,NATIONAL BANK OF EGYPT
NBEGEGCX,NBEGEGCX315,NATIONAL BANK OF EGYPT
NBEGEGCX,NBEGEGCX316,NATIONAL BANK OF EGYPT
NBEGEGCX,NBEGEGCX317,NATIONAL BANK OF EGYPT
NBEGEGCX,NBEGEGCX320,NATIONAL BANK OF EGYPT
NBEGEGCX,NBEGEGCX321,NATIONAL BANK OF EGYPT
NBEGEGCX,NBEGEGCX322,NATIONAL BANK OF EGYPT
NBEGEGCX,NBEGEGCX330,NATIONAL BANK OF EGYPT
NBEGEGCX,NBEGEGCX331,NATIONAL BANK OF EGYPT
NBEGEGCX,NBEGEGCX335,NATIONAL BANK OF EGYPT
NBEGEGCX,NBEGEGCX340,NATIONAL BANK OF EGYPT
NBEGEGCX,NBEGEGCX341,NATIONAL BANK OF EGYPT
NBEGEGCX,NBEGEGCX342,NATIONAL BANK OF EGYPT
NBEGEGCX,NBEGEGCX343,NATIONAL BANK OF EGYPT
NBEGEGCX,NBEGEGCX344,NATIONAL BANK OF EGYPT
NBEGEGCX,NBEGEGCX346,NATIONAL BANK OF EGYPT
NBEGEGCX,NBEGEGCX347,NATIONAL BANK OF EGYPT
NBEGEGCX,NBEGEGCX348,NATIONAL BANK OF EGYPT
NBEGEGCX,NBEGEGCX349,NATIONAL BANK OF EGYPT
NBEGEGCX,NBEGEGCX350,NATIONAL BANK OF EGYPT
NBEGEGCX,NBEGEGCX352,NATIONAL BANK OF EGYPT
NBEGEGCX,NBEGEGCX353,NATIONAL BANK OF EGYPT
NBEGEGCX,NBEGEGCX354,NATIONAL BANK OF EGYPT
NBEGEGCX,NBEGEGCX355,NATIONAL BANK OF EGYPT
NBEGEGCX,NBEGEGCX356,NATIONAL BANK OF EGYPT
NBEGEGCX,NBEGEGCX357,NATIONAL BANK OF EGYPT
NBEGEGCX,NBEGEGCX358,NATIONAL BANK OF EGYPT
NBEGEGCX,NBEGEGCX359,NATIONAL BANK OF EGYPT
NBEGEGCX,NBEGEGCX360,NATIONAL BANK OF EGYPT
NBEGEGCX,NBEGEGCX361,NATIONAL BANK OF EGYPT
NBEGEGCX,NBEGEGCX362,NATIONAL BANK OF EGYPT
NBEGEGCX,NBEGEGCX364,NATIONAL BANK OF EGYPT
NBEGEGCX,NBEGEGCX365,NATIONAL BANK OF EGYPT
NBEGEGCX,NBEGEGCX366,NATIONAL BANK OF EGYPT
NBEGEGCX,NBEGEGCX367,NATIONAL BANK OF EGYPT
NBEGEGCX,NBEGEGCX368,NATIONAL BANK OF EGYPT
NBEGEGCX,NBEGEGCX369,NATIONAL BANK OF EGYPT
NBEGEGCX,NBEGEGCX370,NATIONAL BANK OF EGYPT
NBEGEGCX,NBEGEGCX372,NATIONAL BANK OF EGYPT
NBEGEGCX,NBEGEGCX373,NATIONAL BANK OF EGYPT
NBEGEGCX,NBEGEGCX374,NATIONAL BANK OF EGYPT
NBEGEGCX,NBEGEGCX375,NATIONAL BANK OF EGYPT
NBEGEGCX,NBEGEGCX376,NATIONAL BANK OF EGYPT
NBEGEGCX,NBEGEGCX377,NATIONAL BANK OF EGYPT
NBEGEGCX,NBEGEGCX378,NATIONAL BANK OF EGYPT
NBEGEGCX,NBEGEGCX379,NATIONAL BANK OF EGYPT
NBEGEGCX,NBEGEGCX380,NATIONAL BANK OF EGYPT
NBEGEGCX,NBEGEGCX381,NATIONAL BANK OF EGYPT
NBEGEGCX,NBEGEGCX382,NATIONAL BANK OF EGYPT
NBEGEGCX,NBEGEGCX383,NATIONAL BANK OF EGYPT
NBEGEGCX,NBEGEGCX384,NATIONAL BANK OF EGYPT
NBEGEGCX,NBEGEGCX385,NATIONAL BANK OF EGYPT
NBEGEGCX,NBEGEGCX386,NATIONAL BANK OF EGYPT
NBEGEGCX,NBEGEGCX387,NATIONAL BANK OF EGYPT
NBEGEGCX,NBEGEGCX389,NATIONAL BANK OF EGYPT
NBEGEGCX,NBEGEGCX390,NATIONAL BANK OF EGYPT
NBEGEGCX,NBEGEGCX391,NATIONAL BANK OF EGYPT
NBEGEGCX,NBEGEGCX392,NATIONAL BANK OF EGYPT
NBEGEGCX,NBEGEGCX393,NATIONAL BANK OF EGYPT
NBEGEGCX,NBEGEGCX394,NATIONAL BANK OF EGYPT
NBEGEGCX,NBEGEGCX395,NATIONAL BANK OF EGYPT
NBEGEGCX,NBEGEGCX396,NATIONAL BANK OF EGYPT
NBEGEGCX,NBEGEGCX397,NATIONAL BANK OF EGYPT
NBEGEGCX,NBEGEGCX398,NATIONAL BANK OF EGYPT
NBEGEGCX,NBEGEGCX399,NATIONAL BANK OF EGYPT
NBEGEGCX,NBEGEGCX400,NATIONAL BANK OF EGYPT
NBEGEGCX,NBEGEGCX401,NATIONAL BANK OF EGYPT
NBEGEGCX,NBEGEGCX405,NATIONAL BANK OF EGYPT
NBEGEGCX,NBEGEGCX406,NATIONAL BANK OF EGYPT
NBEGEGCX,NBEGEGCX407,NATIONAL BANK OF EGYPT
NBEGEGCX,NBEGEGCX408,NATIONAL BANK OF EGYPT
NBEGEGCX,NBEGEGCX409,NATIONAL BANK OF EGYPT
NBEGEGCX,NBEGEGCX410,NATIONAL BANK OF EGYPT
NBEGEGCX,NBEGEGCX411,NATIONAL BANK OF EGYPT
NBEGEGCX,NBEGEGCX412,NATIONAL BANK OF EGYPT
NBEGEGCX,NBEGEGCX413,NATIONAL BANK OF EGYPT
NBEGEGCX,NBEGEGCX414,NATIONAL BANK OF EGYPT
NBEGEGCX,NBEGEGCX415,NATIONAL BANK OF EGYPT
NBEGEGCX,NBEGEGCX416,NATIONAL BANK OF EGYPT
NBEGEGCX,NBEGEGCX417,NATIONAL BANK OF EGYPT
NBEGEGCX,NBEGEGCX418,NATIONAL BANK OF EGYPT
NBEGEGCX,NBEGEGCX419,NATIONAL BANK OF EGYPT
NBEGEGCX,NBEGEGCX420,NATIONAL BANK OF EGYPT
NBEGEGCX,NBEGEGCX421,NATIONAL BANK OF EGYPT
NBEGEGCX,NBEGEGCX422,NATIONAL BANK OF EGYPT
NBEGEGCX,NBEGEGCX423,NATIONAL BANK OF EGYPT
NBEGEGCX,NBEGEGCX424,NATIONAL BANK OF EGYPT
NBEGEGCX,NBEGEGCX425,NATIONAL BANK OF EGYPT
NBEGEGCX,NBEGEGCX426,NATIONAL BANK OF EGYPT
NBEGEGCX,NBEGEGCX427,NATIONAL BANK OF EGYPT
NBEGEGCX,NBEGEGCX428,NATIONAL BANK OF EGYPT
NBEGEGCX,NBEGEGCX429,NATIONAL BANK OF EGYPT
NBEGEGCX,NBEGEGCX430,NATIONAL BANK OF EGYPT
NBEGEGCX,NBEGEGCX431,NATIONAL BANK OF EGYPT
NBEGEGCX,NBEGEGCX432,NATIONAL BANK OF EGYPT
NBEGEGCX,NBEGEGCX433,NATIONAL BANK OF EGYPT
NBEGEGCX,NBEGEGCX434,NATIONAL BANK OF EGYPT
NBEGEGCX,NBEGEGCX435,NATIONAL BANK OF EGYPT
NBEGEGCX,NBEGEGCX436,NATIONAL BANK OF EGYPT
NBEGEGCX,NBEGEGCX437,NATIONAL BANK OF EGYPT
NBEGEGCX,NBEGEGCX438,NATIONAL BANK OF EGYPT
NBEGEGCX,NBEGEGCX439,NATIONAL BANK OF EGYPT
NBEGEGCX,NBEGEGCX440,NATIONAL BANK OF EGYPT
NBEGEGCX,NBEGEGCX441,NATIONAL BANK OF EGYPT
NBEGEGCX,NBEGEGCX442,NATIONAL BANK OF EGYPT
NBEGEGCX,NBEGEGCX444,NATIONAL BANK OF EGYPT
NBEGEGCX,NBEGEGCX445,NATIONAL BANK OF EGYPT
NBEGEGCX,NBEGEGCX446,NATIONAL BANK OF EGYPT
NBEGEGCX,NBEGEGCX447,NATIONAL BANK OF EGYPT
NBEGEGCX,NBEGEGCX448,NATIONAL BANK OF EGYPT
NBEGEGCX,NBEGEGCX449,NATIONAL BANK OF EGYPT
NBEGEGCX,NBEGEGCX450,NATIONAL BANK OF EGYPT
NBEGEGCX,NBEGEGCX451,NATIONAL BANK OF EGYPT
NBEGEGCX,NBEGEGCX452,NATIONAL BANK OF EGYPT
NBEGEGCX,NBEGEGCX453,NATIONAL BANK OF EGYPT
NBEGEGCX,NBEGEGCX454,NATIONAL BANK OF EGYPT
NBEGEGCX,NBEGEGCX455,NATIONAL BANK OF EGYPT
NBEGEGCX,NBEGEGCX456,NATIONAL BANK OF EGYPT
NBEGEGCX,NBEGEGCX457,NATIONAL BANK OF EGYPT
NBEGEGCX,NBEGEGCX458,NATIONAL BANK OF EGYPT
NBEGEGCX,NBEGEGCX459,NATIONAL BANK OF EGYPT
NBEGEGCX,NBEGEGCX460,NATIONAL BANK OF EGYPT
NBEGEGCX,NBEGEGCX461,NATIONAL BANK OF EGYPT
NBEGEGCX,NBEGEGCX462,NATIONAL BANK OF EGYPT
NBEGEGCX,NBEGEGCX463,NATIONAL BANK OF EGYPT
NBEGEGCX,NBEGEGCX464,NATIONAL BANK OF EGYPT
NBEGEGCX,NBEGEGCX465,NATIONAL BANK OF EGYPT
NBEGEGCX,NBEGEGCX467,NATIONAL BANK OF EGYPT
NBEGEGCX,NBEGEGCX468,NATIONAL BANK OF EGYPT
NBEGEGCX,NBEGEGCX469,NATIONAL BANK OF EGYPT
NBEGEGCX,NBEGEGCX470,NATIONAL BANK OF EGYPT
NBEGEGCX,NBEGEGCX471,NATIONAL BANK OF EGYPT
NBEGEGCX,NBEGEGCX472,NATIONAL BANK OF EGYPT
NBEGEGCX,NBEGEGCX488,NATIONAL BANK OF EGYPT
NBEGEGCX,NBEGEGCX489,NATIONAL BANK OF EGYPT
NBEGEGCX,NBEGEGCX490,NATIONAL BANK OF EGYPT
NBEGEGCX,NBEGEGCX491,NATIONAL BANK OF EGYPT
NBEGEGCX,NBEGEGCX492,NATIONAL BANK OF EGYPT
NBEGEGCX,NBEGEGCX493,NATIONAL BANK OF EGYPT
NBEGEGCX,NBEGEGCX494,NATIONAL BANK OF EGYPT
NBEGEGCX,NBEGEGCX495,NATIONAL BANK OF EGYPT
NBEGEGCX,NBEGEGCX496,NATIONAL BANK OF EGYPT
NBEGEGCX,NBEGEGCX497,NATIONAL BANK OF EGYPT
NBEGEGCX,NBEGEGCX498,NATIONAL BANK OF EGYPT
NBEGEGCX,NBEGEGCX499,NATIONAL BANK OF EGYPT
NBEGEGCX,NBEGEGCX500,NATIONAL BANK OF EGYPT
NBEGEGCX,NBEGEGCX501,NATIONAL BANK OF EGYPT
NBEGEGCX,NBEGEGCX502,NATIONAL BANK OF EGYPT
NBEGEGCX,NBEGEGCX503,NATIONAL BANK OF EGYPT
NBEGEGCX,NBEGEGCX504,NATIONAL BANK OF EGYPT
NBEGEGCX,NBEGEGCX505,NATIONAL BANK OF EGYPT
NBEGEGCX,NBEGEGCX506,NATIONAL BANK OF EGYPT
NBEGEGCX,NBEGEGCX507,NATIONAL BANK OF EGYPT
NBEGEGCX,NBEGEGCX508,NATIONAL BANK OF EGYPT
NBEGEGCX,NBEGEGCX509,NATIONAL BANK OF EGYPT
NBEGEGCX,NBEGEGCX510,NATIONAL BANK OF EGYPT
NBEGEGCX,NBEGEGCX511,NATIONAL BANK OF EGYPT
NBEGEGCX,NBEGEGCX512,NATIONAL BANK OF EGYPT
NBEGEGCX,NBEGEGCX513,NATIONAL BANK OF EGYPT
NBEGEGCX,NBEGEGCX514,NATIONAL BANK OF EGYPT
NBEGEGCX,NBEGEGCX515,NATIONAL BANK OF EGYPT
NBEGEGCX,NBEGEGCX516,NATIONAL BANK OF EGYPT
NBEGEGCX,NBEGEGCX517,NATIONAL BANK OF EGYPT
NBEGEGCX,NBEGEGCX518,NATIONAL BANK OF EGYPT
NBEGEGCX,NBEGEGCX519,NATIONAL BANK OF EGYPT
NBEGEGCX,NBEGEGCX520,NATIONAL BANK OF EGYPT
NBEGEGCX,NBEGEGCX521,NATIONAL BANK OF EGYPT
NBEGEGCX,NBEGEGCX522,NATIONAL BANK OF EGYPT
NBEGEGCX,NBEGEGCX523,NATIONAL BANK OF EGYPT
NBEGEGCX,NBEGEGCX524,NATIONAL BANK OF EGYPT
NBEGEGCX,NBEGEGCX525,NATIONAL BANK OF EGYPT
NBEGEGCX,NBEGEGCX526,NATIONAL BANK OF EGYPT
NBEGEGCX,NBEGEGCX527,NATIONAL BANK OF EGYPT
NBEGEGCX,NBEGEGCX528,NATIONAL BANK OF EGYPT
NBEGEGCX,NBEGEGCX529,NATIONAL BANK OF EGYPT
NBEGEGCX,NBEGEGCX530,NATIONAL BANK OF EGYPT
NBEGEGCX,NBEGEGCX531,NATIONAL BANK OF EGYPT
NBEGEGCX,NBEGEGCX532,NATIONAL BANK OF EGYPT
NBEGEGCX,NBEGEGCX533,NATIONAL BANK OF EGYPT
NBEGEGCX,NBEGEGCX534,NATIONAL BANK OF EGYPT
NBEGEGCX,NBEGEGCX535,NATIONAL BANK OF EGYPT
NBEGEGCX,NBEGEGCX536,NATIONAL BANK OF EGYPT
NBEGEGCX,NBEGEGCX537,NATIONAL BANK OF EGYPT
NBEGEGCX,NBEGEGCX538,NATIONAL BANK OF EGYPT
NBEGEGCX,NBEGEGCX539,NATIONAL BANK OF EGYPT
NBEGEGCX,NBEGEGCX540,NATIONAL BANK OF EGYPT
NBEGEGCX,NBEGEGCX541,NATIONAL BANK OF EGYPT
NBEGEGCX,NBEGEGCX542,NATIONAL BANK OF EGYPT
NBEGEGCX,NBEGEGCX543,NATIONAL BANK OF EGYPT
NBEGEGCX,NBEGEGCX544,NATIONAL BANK OF EGYPT
NBEGEGCX,NBEGEGCX545,NATIONAL BANK OF EGYPT
NBEGEGCX,NBEGEGCX546,NATIONAL BANK OF EGYPT
NBEGEGCX,NBEGEGCX547,NATIONAL BANK OF EGYPT
NBEGEGCX,NBEGEGCX548,NATIONAL BANK OF EGYPT
NBEGEGCX,NBEGEGCX549,NATIONAL BANK OF EGYPT
NBEGEGCX,NBEGEGCX550,NATIONAL BANK OF EGYPT
NBEGEGCX,NBEGEGCX551,NATIONAL BANK OF EGYPT
NBEGEGCX,NBEGEGCX552,NATIONAL BANK OF EGYPT
NBEGEGCX,NBEGEGCX553,NATIONAL BANK OF EGYPT
NBEGEGCX,NBEGEGCX554,NATIONAL BANK OF EGYPT
NBEGEGCX,NBEGEGCX558,NATIONAL BANK OF EGYPT
NBEGEGCX,NBEGEGCX559,NATIONAL BANK OF EGYPT
NBEGEGCX,NBEGEGCX560,NATIONAL BANK OF EGYPT
NBEGEGCX,NBEGEGCX561,NATIONAL BANK OF EGYPT
NBEGEGCX,NBEGEGCX562,NATIONAL BANK OF EGYPT
NBEGEGCX,NBEGEGCX563,NATIONAL BANK OF EGYPT
NBEGEGCX,NBEGEGCX564,NATIONAL BANK OF EGYPT
NBEGEGCX,NBEGEGCX565,NATIONAL BANK OF EGYPT
NBEGEGCX,NBEGEGCX566,NATIONAL BANK OF EGYPT
NBEGEGCX,NBEGEGCX567,NATIONAL BANK OF EGYPT
NBEGEGCX,NBEGEGCX568,NATIONAL BANK OF EGYPT
NBEGEGCX,NBEGEGCX569,NATIONAL BANK OF EGYPT
NBEGEGCX,NBEGEGCX570,NATIONAL BANK OF EGYPT
NBEGEGCX,NBEGEGCX577,NATIONAL BANK OF EGYPT
NBEGEGCX,NBEGEGCX582,NATIONAL BANK OF EGYPT
NBEGEGCX,NBEGEGCX583,NATIONAL BANK OF EGYPT
NBEGEGCX,NBEGEGCX584,NATIONAL BANK OF EGYPT
NBEGEGCX,NBEGEGCX585,NATIONAL BANK OF EGYPT
NBEGEGCX,NBEGEGCX589,NATIONAL BANK OF EGYPT
NBEGEGCX,NBEGEGCX594,NATIONAL BANK OF EGYPT
NBEGEGCX,NBEGEGCX595,NATIONAL BANK OF EGYPT
NBEGEGCX,NBEGEGCX597,NATIONAL BANK OF EGYPT
NBEGEGCX,NBEGEGCX599,NATIONAL BANK OF EGYPT
NBEGEGCX,NBEGEGCX601,NATIONAL BANK OF EGYPT
NBEGEGCX,NBEGEGCX602,NATIONAL BANK OF EGYPT
NBEGEGCX,NBEGEGCX603,NATIONAL BANK OF EGYPT
NBEGEGCX,NBEGEGCX605,NATIONAL BANK OF EGYPT
NBEGEGCX,NBEGEGCX606,NATIONAL BANK OF EGYPT
NBEGEGCX,NBEGEGCX607,NATIONAL BANK OF EGYPT
NBEGEGCX,NBEGEGCX608,NATIONAL BANK OF EGYPT
NBEGEGCX,NBEGEGCX609,NATIONAL BANK OF EGYPT
NBEGEGCX,NBEGEGCX613,NATIONAL BANK OF EGYPT
NBEGEGCX,NBEGEGCX614,NATIONAL BANK OF EGYPT
NBEGEGCX,NBEGEGCX615,NATIONAL BANK OF EGYPT
NBEGEGCX,NBEGEGCX616,NATIONAL BANK OF EGYPT
NBEGEGCX,NBEGEGCX620,NATIONAL BANK OF EGYPT
NBEGEGCX,NBEGEGCX621,NATIONAL BANK OF EGYPT
NBEGEGCX,NBEGEGCX622,NATIONAL BANK OF EGYPT
NBEGEGCX,NBEGEGCX623,NATIONAL BANK OF EGYPT
NBEGEGCX,NBEGEGCX624,NATIONAL BANK OF EGYPT
NBEGEGCX,NBEGEGCX625,NATIONAL BANK OF EGYPT
NBEGEGCX,NBEGEGCX626,NATIONAL BANK OF EGYPT
NBEGEGCX,NBEGEGCX632,NATIONAL BANK OF EGYPT
NBEGEGCX,NBEGEGCX634,NATIONAL BANK OF EGYPT
NBEGEGCX,NBEGEGCX635,NATIONAL BANK OF EGYPT
NBEGEGCX,NBEGEGCX642,NATIONAL BANK OF EGYPT
NBEGEGCX,NBEGEGCX643,NATIONAL BANK OF EGYPT
NBEGEGCX,NBEGEGCX644,NATIONAL BANK OF EGYPT
NBEGEGCX,NBEGEGCX645,NATIONAL BANK OF EGYPT
NBEGEGCX,NBEGEGCX646,NATIONAL BANK OF EGYPT
NBEGEGCX,NBEGEGCX647,NATIONAL BANK OF EGYPT
NBEGEGCX,NBEGEGCX648,NATIONAL BANK OF EGYPT
NBEGEGCX,NBEGEGCX649,NATIONAL BANK OF EGYPT
NBEGEGCX,NBEGEGCX650,NATIONAL BANK OF EGYPT
NBEGEGCX,NBEGEGCX651,NATIONAL BANK OF EGYPT
NBEGEGCX,NBEGEGCX652,NATIONAL BANK OF EGYPT
NBEGEGCX,NBEGEGCX653,NATIONAL BANK OF EGYPT
NBEGEGCX,NBEGEGCX654,NATIONAL BANK OF EGYPT
NBEGEGCX,NBEGEGCX655,NATIONAL BANK OF EGYPT
NBEGEGCX,NBEGEGCX660,NATIONAL BANK OF EGYPT
NBEGEGCX,NBEGEGCX661,NATIONAL BANK OF EGYPT
NBEGEGCX,NBEGEGCX662,NATIONAL BANK OF EGYPT
NBEGEGCX,NBEGEGCX663,NATIONAL BANK OF EGYPT
NBEGEGCX,NBEGEGCX666,NATIONAL BANK OF EGYPT
NBEGEGCX,NBEGEGCX667,NATIONAL BANK OF EGYPT
NBEGEGCX,NBEGEGCX680,NATIONAL BANK OF EGYPT
NBEGEGCX,NBEGEGCX681,NATIONAL BANK OF EGYPT
NBEGEGCX,NBEGEGCX682,NATIONAL BANK OF EGYPT
NBEGEGCX,NBEGEGCX683,NATIONAL BANK OF EGYPT
NBEGEGCX,NBEGEGCX684,NATIONAL BANK OF EGYPT
NBEGEGCX,NBEGEGCX685,NATIONAL BANK OF EGYPT
NBEGEGCX,NBEGEGCX686,NATIONAL BANK OF EGYPT
NBEGEGCX,NBEGEGCX692,NATIONAL BANK OF EGYPT
NBEGEGCX,NBEGEGCX693,NATIONAL BANK OF EGYPT
NBEGEGCX,NBEGEGCX694,NATIONAL BANK OF EGYPT
NBEGEGCX,NBEGEGCX695,NATIONAL BANK OF EGYPT
NBEGEGCX,NBEGEGCX696,NATIONAL BANK OF EGYPT
NBEGEGCX,NBEGEGCX697,NATIONAL BANK OF EGYPT
NBEGEGCX,NBEGEGCX698,NATIONAL BANK OF EGYPT
NBEGEGCX,NBEGEGCX699,NATIONAL BANK OF EGYPT
NBEGEGCX,NBEGEGCX771,NATIONAL BANK OF EGYPT
NBEGEGCX,NBEGEGCX772,NATIONAL BANK OF EGYPT
NBEGEGCX,NBEGEGCX800,NATIONAL BANK OF EGYPT
NBEGEGCX,NBEGEGCX820,NATIONAL BANK OF EGYPT
NBEGEGCX,NBEGEGCX850,NATIONAL BANK OF EGYPT
NBEGEGCX,NBEGEGCX851,NATIONAL BANK OF EGYPT
NBEGEGCX,NBEGEGCX852,NATIONAL BANK OF EGYPT
NBEGEGCX,NBEGEGCX853,NATIONAL BANK OF EGYPT
NBEGEGCX,NBEGEGCX854,NATIONAL BANK OF EGYPT
NBEGEGCX,NBEGEGCX855,NATIONAL BANK OF EGYPT
NBEGEGCX,NBEGEGCX856,NATIONAL BANK OF EGYPT
NBEGEGCX,NBEGEGCX857,NATIONAL BANK OF EGYPT
NBEGEGCX,NBEGEGCX858,NATIONAL BANK OF EGYPT
NBEGEGCX,NBEGEGCX859,NATIONAL BANK OF EGYPT
NBEGEGCX,NBEGEGCX860,NATIONAL BANK OF EGYPT
NBEGEGCX,NBEGEGCX861,NATIONAL BANK OF EGYPT
NBEGEGCX,NBEGEGCX862,NATIONAL BANK OF EGYPT
NBEGEGCX,NBEGEGCX863,NATIONAL BANK OF EGYPT
NBEGEGCX,NBEGEGCX876,NATIONAL BANK OF EGYPT
NBEGEGCX,NBEGEGCX877,NATIONAL BANK OF EGYPT
NBEGEGCX,NBEGEGCX878,NATIONAL BANK OF EGYPT
NBEGEGCX,NBEGEGCX879,NATIONAL BANK OF EGYPT
NBEGEGCX,NBEGEGCX880,NATIONAL BANK OF EGYPT
NBEGEGCX,NBEGEGCX881,NATIONAL BANK OF EGYPT
NBEGEGCX,NBEGEGCX882,NATIONAL BANK OF EGYPT
NBEGEGCX,NBEGEGCX883,NATIONAL BANK OF EGYPT
NBEGEGCX,NBEGEGCX910,NATIONAL BANK OF EGYPT
NBEGEGCX,NBEGEGCXXXX,NATIONAL BANK OF EGYPT
NBOMEGCX,NBOMEGCXCHO,NATIONAL BANK OF OMAN (SAOG)
NBOMEGCX,NBOMEGCXXXX,NATIONAL BANK OF OMAN (SAOG)
NINBEGCA,NINBEGCAXXX,NATIONAL INVESTMENT BANK
NSOBEGC1,NSOBEGC1XXX,NASSER SOCIAL BANK
PHAREGCA,PHAREGCAXXX,"AL AHLY PHAROS SECURITIES BROKERAGE,SAE"
PHHOEGC1,PHHOEGC1XXX,PHAROS HOLDING
PSSREGC1,PSSREGC1XXX,PRIME SECURITIES S.A.E. STOCK BROKE RS
PSTEEGC1,PSTEEGC1XXX,NATIONAL POST ORGANIZATION EGYPT POST
QNBAEGCX,QNBAEGCXCMS,QATAR NATIONAL BANK S.A.E
QNBAEGCX,QNBAEGCXGSS,QATAR NATIONAL BANK S.A.E
QNBAEGCX,QNBAEGCXXXX,QATAR NATIONAL BANK S.A.E
SALMEGC1,SALMEGC1XXX,EL SALAM CO.
SBNKEGC1,SBNKEGC10AL,SOCIETE ARABE INTERNATIONALE DE BANQUE
SBNKEGCX,SBNKEGCXALX,SOCIETE ARABE INTERNATIONALE DE BANQUE
SBNKEGCX,SBNKEGCXARM,SOCIETE ARABE INTERNATIONALE DE BANQUE
SBNKEGCX,SBNKEGCXASH,SOCIETE ARABE INTERNATIONALE DE BANQUE
SBNKEGCX,SBNKEGCXASI,SOCIETE ARABE INTERNATIONALE DE BANQUE
SBNKEGCX,SBNKEGCXAZH,SOCIETE ARABE INTERNATIONALE DE BANQUE
SBNKEGCX,SBNKEGCXBUS,SOCIETE ARABE INTERNATIONALE DE BANQUE
SBNKEGCX,SBNKEGCXBVR,SOCIETE ARABE INTERNATIONALE DE BANQUE
SBNKEGCX,SBNKEGCXCIC,SOCIETE ARABE INTERNATIONALE DE BANQUE
SBNKEGCX,SBNKEGCXDMT,SOCIETE ARABE INTERNATIONALE DE BANQUE
SBNKEGCX,SBNKEGCXHAR,SOCIETE ARABE INTERNATIONALE DE BANQUE
SBNKEGCX,SBNKEGCXHLP,SOCIETE ARABE INTERNATIONALE DE BANQUE
SBNKEGCX,SBNKEGCXINV,SOCIETE ARABE INTERNATIONALE DE BANQUE
SBNKEGCX,SBNKEGCXISL,SOCIETE ARABE INTERNATIONALE DE BANQUE
SBNKEGCX,SBNKEGCXLRN,SOCIETE ARABE INTERNATIONALE DE BANQUE
SBNKEGCX,SBNKEGCXLXR,SOCIETE ARABE INTERNATIONALE DE BANQUE
SBNKEGCX,SBNKEGCXMDI,SOCIETE ARABE INTERNATIONALE DE BANQUE
SBNKEGCX,SBNKEGCXMHL,SOCIETE ARABE INTERNATIONALE DE BANQUE
SBNKEGCX,SBNKEGCXMNL,SOCIETE ARABE INTERNATIONALE DE BANQUE
SBNKEGCX,SBNKEGCXMNS,SOCIETE ARABE INTERNATIONALE DE BANQUE
SBNKEGCX,SBNKEGCXMRG,SOCIETE ARABE INTERNATIONALE DE BANQUE
SBNKEGCX,SBNKEGCXNCA,SOCIETE ARABE INTERNATIONALE DE BANQUE
SBNKEGCX,SBNKEGCXNRS,SOCIETE ARABE INTERNATIONALE DE BANQUE
SBNKEGCX,SBNKEGCXOBR,SOCIETE ARABE INTERNATIONALE DE BANQUE
SBNKEGCX,SBNKEGCXOCT,SOCIETE ARABE INTERNATIONALE DE BANQUE
SBNKEGCX,SBNKEGCXSHB,SOCIETE ARABE INTERNATIONALE DE BANQUE
SBNKEGCX,SBNKEGCXSHD,SOCIETE ARABE INTERNATIONALE DE BANQUE
SBNKEGCX,SBNKEGCXSHR,SOCIETE ARABE INTERNATIONALE DE BANQUE
SBNKEGCX,SBNKEGCXSHT,SOCIETE ARABE INTERNATIONALE DE BANQUE
SBNKEGCX,SBNKEGCXSMH,SOCIETE ARABE INTERNATIONALE DE BANQUE
SBNKEGCX,SBNKEGCXSTL,SOCIETE ARABE INTERNATIONALE DE BANQUE
SBNKEGCX,SBNKEGCXSUZ,SOCIETE ARABE INTERNATIONALE DE BANQUE
SBNKEGCX,SBNKEGCXTAN,SOCIETE ARABE INTERNATIONALE DE BANQUE
SBNKEGCX,SBNKEGCXXXX,SOCIETE ARABE INTERNATIONALE DE BANQUE
SBNKEGCX,SBNKEGCXZMK,SOCIETE ARABE INTERNATIONALE DE BANQUE
SBNKEGCX,SBNKEGCXZYD,SOCIETE ARABE INTERNATIONALE DE BANQUE
SCBLEGCA,SCBLEGCAXXX,STANDARD CHARTERED BANK
SGFBEGC1,SGFBEGC1XXX,SWISS GROUP FOR SECURITIES BROKERAG
SHSYEGC1,SHSYEGC1XXX,SHUAA SECURITIES-EGYPT
SSRBEGA1,SSRBEGA1XXX,SIGMA SECURITIES BROKERAGE AND BOOK-KEEPING S.A.E
SUCAEGCX,SUCAEGCXALX,SUEZ CANAL BANK
SUCAEGCX,SUCAEGCXAMR,SUEZ CANAL BANK
SUCAEGCX,SUCAEGCXASU,SUEZ CANAL BANK
SUCAEGCX,SUCAEGCXBRG,SUEZ CANAL BANK
SUCAEGCX,SUCAEGCXCAI,SUEZ CANAL BANK
SUCAEGCX,SUCAEGCXDOK,SUEZ CANAL BANK
SUCAEGCX,SUCAEGCXDOM,SUEZ CANAL BANK
SUCAEGCX,SUCAEGCXFOS,SUEZ CANAL BANK
SUCAEGCX,SUCAEGCXGIZ,SUEZ CANAL BANK
SUCAEGCX,SUCAEGCXGRD,SUEZ CANAL BANK
SUCAEGCX,SUCAEGCXHEL,SUEZ CANAL BANK
SUCAEGCX,SUCAEGCXISM,SUEZ CANAL BANK
SUCAEGCX,SUCAEGCXMAD,SUEZ CANAL BANK
SUCAEGCX,SUCAEGCXMAN,SUEZ CANAL BANK
SUCAEGCX,SUCAEGCXMEN,SUEZ CANAL BANK
SUCAEGCX,SUCAEGCXMNL,SUEZ CANAL BANK
SUCAEGCX,SUCAEGCXMO2,SUEZ CANAL BANK
SUCAEGCX,SUCAEGCXMOH,SUEZ CANAL BANK
SUCAEGCX,SUCAEGCXNEC,SUEZ CANAL BANK
SUCAEGCX,SUCAEGCXNSR,SUEZ CANAL BANK
SUCAEGCX,SUCAEGCXOBR,SUEZ CANAL BANK
SUCAEGCX,SUCAEGCXOCT,SUEZ CANAL BANK
SUCAEGCX,SUCAEGCXOCU,SUEZ CANAL BANK
SUCAEGCX,SUCAEGCXORB,SUEZ CANAL BANK
SUCAEGCX,SUCAEGCXPTS,SUEZ CANAL BANK
SUCAEGCX,SUCAEGCXRAM,SUEZ CANAL BANK
SUCAEGCX,SUCAEGCXSDT,SUEZ CANAL BANK
SUCAEGCX,SUCAEGCXSHB,SUEZ CANAL BANK
SUCAEGCX,SUCAEGCXSHR,SUEZ CANAL BANK
SUCAEGCX,SUCAEGCXSMH,SUEZ CANAL BANK
SUCAEGCX,SUCAEGCXSPH,SUEZ CANAL BANK
SUCAEGCX,SUCAEGCXSUZ,SUEZ CANAL BANK
SUCAEGCX,SUCAEGCXTAN,SUEZ CANAL BANK
SUCAEGCX,SUCAEGCXTED,SUEZ CANAL BANK
SUCAEGCX,SUCAEGCXTWF,SUEZ CANAL BANK
SUCAEGCX,SUCAEGCXXXX,SUEZ CANAL BANK
TAEIEGC2,TAEIEGC2XXX,TARGET FOR EXCHANGING SECURITIES
UBOEEGCX,UBOEEGCXXXX,THE UNITED BANK
WABAEGCX,WABAEGCXALX,NATIONAL BANK OF KUWAIT - EGYPT
WABAEGCX,WABAEGCXCOR,NATIONAL BANK OF KUWAIT - EGYPT
WABAEGCX,WABAEGCXDOK,NATIONAL BANK OF KUWAIT - EGYPT
WABAEGCX,WABAEGCXGAL,NATIONAL BANK OF KUWAIT - EGYPT
WABAEGCX,WABAEGCXHAR,NATIONAL BANK OF KUWAIT - EGYPT
WABAEGCX,WABAEGCXHEL,NATIONAL BANK OF KUWAIT - EGYPT
WABAEGCX,WABAEGCXMNS,NATIONAL BANK OF KUWAIT - EGYPT
WABAEGCX,WABAEGCXMOH,NATIONAL BANK OF KUWAIT - EGYPT
WABAEGCX,WABAEGCXNCT,NATIONAL BANK OF KUWAIT - EGYPT
WABAEGCX,WABAEGCXOCT,NATIONAL BANK OF KUWAIT - EGYPT
WABAEGCX,WABAEGCXRAM,NATIONAL BANK OF KUWAIT - EGYPT
WABAEGCX,WABAEGCXRML,NATIONAL BANK OF KUWAIT - EGYPT
WABAEGCX,WABAEGCXROX,NATIONAL BANK OF KUWAIT - EGYPT
WABAEGCX,WABAEGCXSAR,NATIONAL BANK OF KUWAIT - EGYPT
WABAEGCX,WABAEGCXSOH,NATIONAL BANK OF KUWAIT - EGYPT
WABAEGCX,WABAEGCXXXX,NATIONAL BANK OF KUWAIT - EGYPT
WABAEGCX,WABAEGCXZAY,NATIONAL BANK OF KUWAIT - EGYPT
WABAEGCX,WABAEGCXZIZ,NATIONAL BANK OF KUWAIT - EGYPT
XCAIEGC1,XCAIEGC1XXX,THE EGYPTIAN EXCHANGE
XCAIEGCR,XCAIEGCRXXX,THE EGYPTIAN EXCHANGE
